Token Name,Buy or Sell,Timestamp,SOL Balance,Token Balance,Description,Signature,USD Balance
Brandi,Sell,Mon  01 Jul 2024 20:04:35 GMT,0.05,32943.284521,JCTf3Vo2cCieeAB3QMGTEoVRFN2iUFGovbAf5srx16vk swapped 0.05 SOL for 32943.284521 Brandi,5WhVwW9cDEKotrdac9HpTUfAf24XgH9DFF94zZjbWWNyMvzePeP5q9poGjpcukVFjZ4GjwnLwidX1hHR9nurxhmG,6.75
CMT,Sell,Mon  01 Jul 2024 19:58:12 GMT,0.05,74431.769952,JCTf3Vo2cCieeAB3QMGTEoVRFN2iUFGovbAf5srx16vk swapped 0.05 SOL for 74431.769952 CMT,Pjg95ttQYDuJSnAPGPN6s8yn6Yo5gdBpJuMnosputiCQByvtMEar53DbiHEtMsqVn8Vxd2qax4BPkCaEJ1hf8NR,6.75
Nobu,Buy,Mon  01 Jul 2024 19:57:18 GMT,0.024818592,175432.880101,JCTf3Vo2cCieeAB3QMGTEoVRFN2iUFGovbAf5srx16vk swapped 175432.880101 Nobu  for 0.024818592 SOL,2MaaQ8ezHQSPBSKHgDuTJAcG1ezXMzp7DaRDS4cE8Dpdjbk7AEQgU4x8iNzQ6Zigf8R8ZCFWGncitboZtRDgfjMq,3.35050992
Nobu,Sell,Mon  01 Jul 2024 19:52:06 GMT,0.1,175432.880101,JCTf3Vo2cCieeAB3QMGTEoVRFN2iUFGovbAf5srx16vk swapped 0.1 SOL for 175432.880101 Nobu ,661L8Q4Ggf9ZnW2c4oWyk59RcGVbjxdq5SVoGaQwVTmt5JWBt5hyMSzeMtUHpkUp2Go8C1tjsj94xECq6cvMfuKQ,13.5
BURGER,Buy,Mon  01 Jul 2024 19:45:31 GMT,0.112937769,629806.528902,JCTf3Vo2cCieeAB3QMGTEoVRFN2iUFGovbAf5srx16vk swapped 629806.528902 BURGER for 0.112937769 SOL,2xRTNCPeV4VQyKDcNN3C5LftZxKqotQMpmCEC724p6oE4obFv4A5RzworE37vj4RcsbL522zgeUXw8v3qjekHkYm,15.246598814999999
BURGER,Sell,Mon  01 Jul 2024 19:41:50 GMT,0.35,629806.528902,JCTf3Vo2cCieeAB3QMGTEoVRFN2iUFGovbAf5srx16vk swapped 0.35 SOL for 629806.528902 BURGER,QzepjPB6gWqp38Nd2qKLMPEEJuUtGgtrvRkjHqFZ9QQFQtrRHzavHtzBhUdYc3KRsAdbfmoBtQ1cChoAyB8Danh,47.25
LARA,Buy,Mon  01 Jul 2024 19:28:57 GMT,0.387866758,2034800.941758,JCTf3Vo2cCieeAB3QMGTEoVRFN2iUFGovbAf5srx16vk swapped 2034800.941758 LARA for 0.387866758 SOL,369eiJ5JxkBWvofejnukDqEpTiCTs8Ba9v2hsiehi6FD7R4yPibSpq7mEyHQHgVQHVeCvXWkxeeQEcuf635955bh,52.36201233
LARA,Sell,Mon  01 Jul 2024 16:08:55 GMT,0.1,212344.931759,JCTf3Vo2cCieeAB3QMGTEoVRFN2iUFGovbAf5srx16vk swapped 0.1 SOL for 212344.931759 LARA,4ReYhFrgJxv6YtANWDw9vSqPXTuHnEAqPmbep617mmWsuZV8yYcwYprpdvDpz8aJRqcJEqDwKDUZf2Y1vcGuZX9a,13.5
LARA,Sell,Mon  01 Jul 2024 15:52:58 GMT,0.5,720502.154317,JCTf3Vo2cCieeAB3QMGTEoVRFN2iUFGovbAf5srx16vk swapped 0.5 SOL for 720502.154317 LARA,4iy74qUPAoegUXHT5qRukTQFCzJMwPkKnBiPddJDGc9fMfeq9Jgsjthpv9UiQv3BSpu8xFP1UUaTojyx7tSFH2vf,67.5
LARA,Sell,Mon  01 Jul 2024 15:49:05 GMT,0.5,577390.697473,JCTf3Vo2cCieeAB3QMGTEoVRFN2iUFGovbAf5srx16vk swapped 0.5 SOL for 577390.697473 LARA,2ZryNwS6He8xDzZMNZABJjLhxVxkbdD9ymXBzW9otx4dH2Ev5DzADVqH9g5oorswjHcWtQcErNhsFt8EpU4deZ2Y,67.5
LARA,Sell,Mon  01 Jul 2024 15:16:32 GMT,0.5,524563.158209,JCTf3Vo2cCieeAB3QMGTEoVRFN2iUFGovbAf5srx16vk swapped 0.5 SOL for 524563.158209 LARA,Ak6kZpzzxkbcMHz4nztYRSyZZR8nQt82ZkpuKjVmrJpUTaEaDp4dogNZ8pm1JAjd84W6Zb8775WQi6hjd74KG6H,67.5
BUDDY,Buy,Mon  01 Jul 2024 09:45:03 GMT,1.398819502,1138453.516247,JCTf3Vo2cCieeAB3QMGTEoVRFN2iUFGovbAf5srx16vk swapped 1138453.516247 BUDDY for 1.398819502 SOL,5rrjuhjU5oBx3m4FpPirTtQdFE36NtMt4Cn5uYcspKJpE74pxyezJUcq8dfRDUQm2g2xAKnzQXv4ky1Qcv9hKXfh,188.84063277
BUDDY,Sell,Mon  01 Jul 2024 09:24:55 GMT,1,1138453.516247,JCTf3Vo2cCieeAB3QMGTEoVRFN2iUFGovbAf5srx16vk swapped 1 SOL for 1138453.516247 BUDDY,3gYKFwoEMZzLx2N8Yr4yK5824JK4xrHCgcHPqfro8zhiJsZ9qhdXfTmhU7saNHjdoVNruwKMbsGBhq2JP2LG4tFh,135
ZILLY,Sell,Mon  17 Jun 2024 12:36:56 GMT,0.0005,5530.368764,JCTf3Vo2cCieeAB3QMGTEoVRFN2iUFGovbAf5srx16vk swapped 0.0005 SOL for 5530.368764 ZILLY,YtWMwUG9Ge1ZejgKxQqH24gzFuC3sSQHxpTb3MQnLVCqWAsQbGt3uSUURBUsHm6TvP1Vc2pSwDvsve7jxTXQAdh,0.0675
VASE,Sell,Mon  17 Jun 2024 07:34:58 GMT,0.015,33216.784828,JCTf3Vo2cCieeAB3QMGTEoVRFN2iUFGovbAf5srx16vk swapped 0.015 SOL for 33216.784828 VASE,52WERGajvmJNd8HT5Ngw5DkufBtnRzGoZNGyfu6cfsg1G7fXVsMrCYPG18JemHHrQWrRPNBWczzVkNtmvdgbwz7r,2.025
PEPE,Buy,Mon  17 Jun 2024 06:59:13 GMT,0.00405103,36413.706335,JCTf3Vo2cCieeAB3QMGTEoVRFN2iUFGovbAf5srx16vk swapped 36413.706335 PEPE for 0.00405103 SOL,2eaVPZvwkQr75xQZFk2KMNd9nA5DZ3bsaH4woGkBLeAkdQseVFssvKz7do8CZFqYySZF5pN9hpJguAfGRz9oGN87,0.54688905
1MCAT,Buy,Mon  17 Jun 2024 06:57:24 GMT,0.004189186,101634.185672,JCTf3Vo2cCieeAB3QMGTEoVRFN2iUFGovbAf5srx16vk swapped 101634.185672 1MCAT for 0.004189186 SOL,3YjzZKXtc2fH8BKd5GWS4vxai1Cjt8SY4DVzSR2dSpptAM2aDA5YfbjkXFpKngaA2DWZu3DSjEJXXqZcgVbLEBtU,0.56554011
1MCAT,Sell,Mon  17 Jun 2024 00:29:51 GMT,0.04,34964.536641,JCTf3Vo2cCieeAB3QMGTEoVRFN2iUFGovbAf5srx16vk swapped 0.04 SOL for 34964.536641 1MCAT,3CfJPBfbCRmxDSUsv3gadb1V6nK8VyfFFi6w8YYwJkUL3pNZKfhtT9rTAywTEcoGeR7DQoZ2SQ77SA45KBYiMBY5,5.4
VADDY,Buy,Mon  17 Jun 2024 00:29:36 GMT,0.043763319,101553.673117,JCTf3Vo2cCieeAB3QMGTEoVRFN2iUFGovbAf5srx16vk swapped 101553.673117 VADDY for 0.043763319 SOL,FjJWM9U9CVFsmzifeG36VZpbqXtN66rDNvUBJNRyLbVLNFzpQ5WTwKMnLaSeo9eEqrfPhLTNZrCXSBqCRRvi8fv,5.908048065
1MCAT,Sell,Mon  17 Jun 2024 00:20:40 GMT,0.04,66669.649031,JCTf3Vo2cCieeAB3QMGTEoVRFN2iUFGovbAf5srx16vk swapped 0.04 SOL for 66669.649031 1MCAT,4sxgVYJHH7e9JxzrFm7PA9vP1SUivdSTqCP5jTWmi7t1khqXC3JkUZzCHFj1yemyJn4UdR687BcDn6suUYdjJ3b1,5.4
TATOS,Buy,Mon  17 Jun 2024 00:20:20 GMT,0.047156233,521704.63129,JCTf3Vo2cCieeAB3QMGTEoVRFN2iUFGovbAf5srx16vk swapped 521704.63129 TATOS for 0.047156233 SOL,5LquBNVcFwxWRTgeWFBTsf4agFrKvjyd1eVbKvHX3S4oVr1dCr3WYKFEE1v4kW9MkWUbmzTCm5YFyt4ik27SCsw1,6.366091454999999
VADDY,Sell,Mon  17 Jun 2024 00:11:22 GMT,0.05,101553.673117,JCTf3Vo2cCieeAB3QMGTEoVRFN2iUFGovbAf5srx16vk swapped 0.05 SOL for 101553.673117 VADDY,2RQ2VTLTkdYkFydJcAUJvMH6d9VJ2BarUwejUDpGCQvVjBGJ7QEQJiRcBYyRELREgD1TeCcMR5fbjsoAiSBVFyFF,6.75
TATOS,Sell,Sun  16 Jun 2024 23:54:36 GMT,0.100483,336899.497458,JCTf3Vo2cCieeAB3QMGTEoVRFN2iUFGovbAf5srx16vk swapped 0.100483 SOL for 336899.497458 TATOS,5qST3LrKsFdm9qfAqUDxYwrfiRtzppP8LtnA3jZRh7UL3jLDoSwHC6crxCsNyN9xX9EUqvneRVvKnGHsPiWQTjn8,13.565205
kichi,Buy,Sun  16 Jun 2024 23:54:01 GMT,0.100584298,60485.832017,JCTf3Vo2cCieeAB3QMGTEoVRFN2iUFGovbAf5srx16vk swapped 60485.832017 kichi for 0.100584298 SOL,56Md5B1Goa8JsJj54T8J1TC3zSHh4hraC9qCkKVwo2siQfpHJXeANZpycvPGSW7TtucPsDwxQTGiYgvinUrr5ERp,13.578880230000001
kichi,Sell,Sun  16 Jun 2024 22:35:57 GMT,0.05,23818.31907,JCTf3Vo2cCieeAB3QMGTEoVRFN2iUFGovbAf5srx16vk swapped 0.05 SOL for 23818.31907 kichi,4EbtjvACvrgpV9GFChNC5BxCC7egFAfjSiAPKnDtGEXunBiYw5VAkTVotUNRxgbuhTLjzvLHGeHMZf7kUG1vKq4t,6.75
TATOS,Sell,Sun  16 Jun 2024 22:35:48 GMT,0.1,95856.980257,JCTf3Vo2cCieeAB3QMGTEoVRFN2iUFGovbAf5srx16vk swapped 0.1 SOL for 95856.980257 TATOS,2vqyV9Fw5tGe6QM2jnEU3JXY4yUZYhgzjV5EP7k7N6JBbY5Wh5rGdFRhGvQKXyN1qvtpk2SRwBRmrkAKejUP1CF9,13.5
WINE,Buy,Sun  16 Jun 2024 22:33:14 GMT,0.118077054,17866.591834,JCTf3Vo2cCieeAB3QMGTEoVRFN2iUFGovbAf5srx16vk swapped 17866.591834 WINE for 0.118077054 SOL,5scathFNH2b1m9b4Rj55LvxaxSf4i4P7HJ692TvWaEDAQardsGxB6kr341DKS3ohFMobyWCxFPi9T5fcKVUeR4Mb,15.94040229
kichi,Buy,Sun  16 Jun 2024 21:43:06 GMT,0.051758732,36667.512947,JCTf3Vo2cCieeAB3QMGTEoVRFN2iUFGovbAf5srx16vk swapped 36667.512947 kichi for 0.051758732 SOL,4TEu395G37enKqcMNttudRq9xbbre8vPhwSqz8ieaf1ur7XQXTuKRe8Mu3eGuMoBdujygdmPfEs44xenFPS5td3f,6.98742882
WINE,Sell,Sun  16 Jun 2024 21:21:11 GMT,0.1,17866.591834,JCTf3Vo2cCieeAB3QMGTEoVRFN2iUFGovbAf5srx16vk swapped 0.1 SOL for 17866.591834 WINE,4RgCTY65eAjFk8y7ZrBYYXANu63ydihxXjf5nccK3uC7XLSdKibNgUTJaCGtLjbd63Ui3gocC15ZrkNuf7JT2NhX,13.5
kichi,Sell,Sun  16 Jun 2024 21:16:48 GMT,0.05,22363.788619,JCTf3Vo2cCieeAB3QMGTEoVRFN2iUFGovbAf5srx16vk swapped 0.05 SOL for 22363.788619 kichi,3tZ3BJgYMPNk3Bjrs4ewaRU7YJswqNW2YxSuKjDEK6bqGwdZqwP6BZLrZkfzLTgCRcy8dfdnQGfRXMVfpi9upNfb,6.75
TATOS,Sell,Sun  16 Jun 2024 21:08:10 GMT,0.1,88948.153575,JCTf3Vo2cCieeAB3QMGTEoVRFN2iUFGovbAf5srx16vk swapped 0.1 SOL for 88948.153575 TATOS,QGrzvB4NhbVuwPb7YSq3T1V6rcUzMsRg1LFJNjBBuqMbbSYpkAU3dx2GJQc7Mo8ApsCuR7fsutaHVqy43WofdY9,13.5
kichi,Buy,Sun  16 Jun 2024 16:43:02 GMT,0.247167996,50971.237275,JCTf3Vo2cCieeAB3QMGTEoVRFN2iUFGovbAf5srx16vk swapped 50971.237275 kichi for 0.247167996 SOL,2FQRxQ7TDnrKZD4Jb1LrfuYxTY3uCBPL2tL8Nrfiqoh3tpe2eoZYxGU9hJFP9jPi6hPuprvvLp1jXZx4sRX5zDsY,33.36767946
PEPE,Sell,Sun  16 Jun 2024 16:06:47 GMT,0.1,36413.706335,JCTf3Vo2cCieeAB3QMGTEoVRFN2iUFGovbAf5srx16vk swapped 0.1 SOL for 36413.706335 PEPE,2KiPcMeqyqoRpiMRVR4cvrFmC14chNrT4PbuodhdgPcmkdGM4SQ9vXnXJoeT1b5eYtZjezi4RVK9wTFE1i9P636q,13.5
kichi,Sell,Sun  16 Jun 2024 16:04:09 GMT,0.05,22886.131525,JCTf3Vo2cCieeAB3QMGTEoVRFN2iUFGovbAf5srx16vk swapped 0.05 SOL for 22886.131525 kichi,7msT6H9VXsu5qvLCaNUCFC8e4NtXKvz86VvtUEjbc8Fs8bc464TFSnKVczzhzB7Ra7mNJ5SrMmxiCmup5QGFKRK,6.75
LAZY,Buy,Sun  16 Jun 2024 16:03:33 GMT,0.079582689,1494171.805107,JCTf3Vo2cCieeAB3QMGTEoVRFN2iUFGovbAf5srx16vk swapped 1494171.805107 LAZY for 0.079582689 SOL,4gJmJNTZgYBvMxRSLJpkJcTP8cy3p2W9GwLQnpEH6UbQyRuipMqqrQ25iH9CwaGRsbUwG5p9d9BSgVCUoqtnvTQx,10.743663015
kichi,Sell,Sun  16 Jun 2024 14:58:48 GMT,0.05,21823.767356,JCTf3Vo2cCieeAB3QMGTEoVRFN2iUFGovbAf5srx16vk swapped 0.05 SOL for 21823.767356 kichi,28VfMg7uwXNc4hHmXpSmsGPoczugxhYbEKNBERPJk4UdXsXURvXagK1gkwimBHtB1Ku3XDh7DsH67UWtbCBPVLMM,6.75
kichi,Sell,Sun  16 Jun 2024 14:39:19 GMT,0.05,16925.888951,JCTf3Vo2cCieeAB3QMGTEoVRFN2iUFGovbAf5srx16vk swapped 0.05 SOL for 16925.888951 kichi,ivHpFDsZZx8K4fidA39iyi2seFpHdJEZat4bu5YdneFfh1mA66d9BhbUAEhNCDX5qGxnyXqApShU3Qwmb2W98fz,6.75
kichi,Sell,Sun  16 Jun 2024 14:14:29 GMT,0.05,16039.452618,JCTf3Vo2cCieeAB3QMGTEoVRFN2iUFGovbAf5srx16vk swapped 0.05 SOL for 16039.452618 kichi,2gLG1aYsKJE9dqMi321mkkGVQL7TDbbWS9FPCzfat6moexL3pP8P4U1oM4MVgwZs6C7qwafE5zgywNA8kBb8tV7G,6.75
FATHERPEPE,Buy,Sun  16 Jun 2024 14:06:21 GMT,0.119316778,36038.960345,JCTf3Vo2cCieeAB3QMGTEoVRFN2iUFGovbAf5srx16vk swapped 36038.960345 FATHERPEPE for 0.119316778 SOL,37CNqG7TBb2mbYM76ZAUiTZP8WV7JQqCnHqtPh7x7B5xec3ruAt3hwrQ7npSvTm9ZZms8QLcp1XWetiChUEoRsiz,16.10776503
BPONKE,Buy,Sun  16 Jun 2024 13:57:17 GMT,0.023848613,2686003.803723,JCTf3Vo2cCieeAB3QMGTEoVRFN2iUFGovbAf5srx16vk swapped 2686003.803723 BPONKE for 0.023848613 SOL,iCAZKGjK7pxbiYJMS8EBL5BPwSnxMx811EriAAgNqgU7YGGQR8Kp6wKVywNwMsB8o9R4yFbXz37Sg5aa4b84UuB,3.219562755
069420,Buy,Sun  16 Jun 2024 13:54:20 GMT,0.045075707,137625.511102,JCTf3Vo2cCieeAB3QMGTEoVRFN2iUFGovbAf5srx16vk swapped 137625.511102 069420 for 0.045075707 SOL,wmiKgvFqwjGJ1aCpgEHntyBPEer1WCagPkChxVGVyd2a2UXVbmYAPZz33bohDTeKUrrXATYdCBgP6JGr2jWdoYV,6.085220445
kichi,Sell,Sun  16 Jun 2024 13:39:01 GMT,0.05,24267.2341,JCTf3Vo2cCieeAB3QMGTEoVRFN2iUFGovbAf5srx16vk swapped 0.05 SOL for 24267.2341 kichi,EgeSAKXTPBzw5Xbsy2wPAjpBDL1Fbupyam5ogR7pLKfaZ3J77MYv12gHvpBmWYM6UpTVfdGyyUzR7f9Y5Fn3U4j,6.75
FATHERPEPE,Sell,Sun  16 Jun 2024 13:22:15 GMT,0.1,36038.960345,JCTf3Vo2cCieeAB3QMGTEoVRFN2iUFGovbAf5srx16vk swapped 0.1 SOL for 36038.960345 FATHERPEPE,J9ysNb1Nn5AHFs4QGNczgRRTKySkSQ667PyN2WmTspaFSGqV3Vkn3PgBVk8HQAEt77n23RLktYUJgAt2LBM4C6T,13.5
FPEPE,Buy,Sun  16 Jun 2024 12:58:02 GMT,0.033569286,205775.834871,JCTf3Vo2cCieeAB3QMGTEoVRFN2iUFGovbAf5srx16vk swapped 205775.834871 FPEPE for 0.033569286 SOL,zK4VZWa8dhEdzzGbDqV8mi3HfectaDdZTWQ9vHE1nT76Nkdz3UTR4hnPmBi4DFaRPDzGpntLsKWHKsJAaneYbhZ,4.53185361
FPEPE,Sell,Sun  16 Jun 2024 12:57:29 GMT,0.05,411551.669742,JCTf3Vo2cCieeAB3QMGTEoVRFN2iUFGovbAf5srx16vk swapped 0.05 SOL for 411551.669742 FPEPE,5gXjRJdsiZJmqHz6rQr652tkkuhtF8eGoTRWLwpRwsMjvPFXrRNwdNufZMh77njjVzjsp7AsfDQ18SMVhVqJXPn5,6.75
GBA,Buy,Sun  14 Jul 2024 01:04:11 GMT,1.11640103,2367070.316478,HMN8GusByZJii4uVhPQMpVxrDikBAqsaX8aA8xwZfpMU swapped 2367070.316478 GBA for 1.11640103 SOL,5kitbmHUtpCHiJNpAWQiWufnbLUDYhtC3HAceJhtRjNBoaGuX3HgTdV59VWJYPtWr1ujEbhYaqGYkPJQUqh8SoMh,190.11956209783293
Cutie,Buy,Thu  04 Jul 2024 21:17:58 GMT,0.464438588,774435.937163,En6YHLWvCp8K8KDfqH43JpUQEPAfgqLJVV2GeTjiwUCm swapped 774435.937163 Cutie for 0.464438588 SOL,5xxdjhZGEXSCWDpDHjKPyu41XeuG6dwiwRECrtiWa7ZmRZmDuKmX7tQS3jj6Jj8Lu1yFFqjizAuWcDQkVijqD5vW,68.04422659570952
LAZY,Sell,Sun  16 Jun 2024 04:15:06 GMT,0.1,847936.222588,JCTf3Vo2cCieeAB3QMGTEoVRFN2iUFGovbAf5srx16vk swapped 0.1 SOL for 847936.222588 LAZY,4SKFZ8brwZLdSDMpVp1Q13rRmtLjTEpurnkmHWyrVa9vytUXUY4TJorpgMS76uXXXytfwFcQT378ZDeE8NL6bxYB,13.5
BPONKE,Sell,Sun  16 Jun 2024 02:22:01 GMT,0.05,2686003.803723,JCTf3Vo2cCieeAB3QMGTEoVRFN2iUFGovbAf5srx16vk swapped 0.05 SOL for 2686003.803723 BPONKE,4S6rbJ8m3gUf1hc7BDjnsM4rYUWWLScPshiyWU21HfUSq3fGZtpXm3eVWdKpD1tdyTrKQ4arvQ5GTz36Y6XW86uc,6.75
LAZY,Sell,Sun  16 Jun 2024 02:15:40 GMT,0.05,504408.767314,JCTf3Vo2cCieeAB3QMGTEoVRFN2iUFGovbAf5srx16vk swapped 0.05 SOL for 504408.767314 LAZY,7VZWyqVW1CoeRFfhSM9JWguc43cXtvNbtd4YF16DW8L4jYSaUHme5YP6RwWz2Y7saPjjzrVW6xUdccKdd3SxH2Y,6.75
LAZY,Sell,Sun  16 Jun 2024 01:53:34 GMT,0.05,141826.815205,JCTf3Vo2cCieeAB3QMGTEoVRFN2iUFGovbAf5srx16vk swapped 0.05 SOL for 141826.815205 LAZY,3qZNhSthxM9rvaF21kTcFvN96PXNbPRQr4uZmKZgjxbZnsetvS4gHSDdX8nntzjw4Yrc93RPdXt3UNquyyn55Zsz,6.75
069420,Sell,Sun  16 Jun 2024 00:46:21 GMT,0.1,137625.511102,JCTf3Vo2cCieeAB3QMGTEoVRFN2iUFGovbAf5srx16vk swapped 0.1 SOL for 137625.511102 069420,5RRsL8rs4pNq91rwgQAT7ZYVFo9NiA6Y91Ad3P9TdQePk7dYkY4wxEyytJDhRunsFdkV4v43xkTHVs1SGFzDfxcC,13.5
EMI,Buy,Wed  03 Jul 2024 21:12:30 GMT,3.301919242,27403644.445201,9JerKiGQDWqpiphRdhQCm4Wm9ZXoUyyoK8u8PwfGruzK swapped 27403644.445200998 EMI for 3.301919242 SOL,4akw7VdAbbMaLz6LUqZ3h1woH4CS5xFg8H2TnG8XVzbsmzsfJgwes7mrhy8YB3HQCwySbK6xA9jXnhoG7WK6cWjf,484.00305832939165
BUB,Buy,Sat  06 Jul 2024 05:23:26 GMT,4.947016294,15725738.413226,HBDc1wVKkJbWswZDb2svGtPfB5cccRkVqBRcVTit35rf swapped 15725738.413225999 BUB for 4.947016294 SOL,Er36qmbwaA74vk3byHYpyx9V3uSQQL2PCRYju3AQC8qsqN2oZZRbyvADDA1HwMtzYyzf929Y9Zhm3rH1nADPcYC,665.7196360219093
BUB,Sell,Sat  06 Jul 2024 05:19:20 GMT,4.95,15725738.413226,HBDc1wVKkJbWswZDb2svGtPfB5cccRkVqBRcVTit35rf swapped 4.95 SOL for 15725738.413225999 BUB,4qmJosRqaKpRCDmjZUUxzLumnvPk4efka1pD2zwc1Zhvy6M2n2PVjmfG4YA7ZAnx9EUjerG1eqyYrNRHJtdXs87y,664.5471134082767
tobo,Buy,Sat  06 Jul 2024 01:09:31 GMT,1.952138687,19349183.448852,HBDc1wVKkJbWswZDb2svGtPfB5cccRkVqBRcVTit35rf swapped 19349183.448851999 tobo for 1.952138687 SOL,5A4bX6T41JEhvqpYfpgokFQ1HjMMQHDq4fX9QupfWzTejtivyVNBnjFWFba6VB9VWaPdZ9G5WF1XxuKqXhnV6jeH,262.8123039711992
tobo,Sell,Sat  06 Jul 2024 01:06:08 GMT,2.97,19349183.448852,HBDc1wVKkJbWswZDb2svGtPfB5cccRkVqBRcVTit35rf swapped 2.97 SOL for 19349183.448851999 tobo,vC5KaWP9Xpdjz2wc4jxWycwa8WVjec1rdDE6ePNUkX9EFxE8CRQLRAFKqYuLoFuSJbQGA7zWdwuYoWDho8rgYS2,399.20844524387275
tobo,Buy,Sat  06 Jul 2024 00:55:16 GMT,5.337102929,12928699.722862,HBDc1wVKkJbWswZDb2svGtPfB5cccRkVqBRcVTit35rf swapped 12928699.722862 tobo for 5.337102929 SOL,4yqmPdtvyMRzfA8r4QU5XQ1dKMuaFcbKtR63yaT9k9bbYyoQGL5G4Fvt6D6rcM4wNFqqAVgs838jsQLTtmfwhfbX,721.3483957114764
tobo,Sell,Sat  06 Jul 2024 00:54:42 GMT,4.95,12928699.722862,HBDc1wVKkJbWswZDb2svGtPfB5cccRkVqBRcVTit35rf swapped 4.95 SOL for 12928699.722862 tobo,529hGRmr9bms4qu8xBc7dWVcQb8kuyQy4mW3W8ScM9GufKM6Paj77wsHHsK3t3mcVzq23sgDxYmuVG2581HKvoMc,669.028610891122
RYOSHI,Buy,Sat  06 Jul 2024 00:53:21 GMT,0.952230772,11955331.545602,HBDc1wVKkJbWswZDb2svGtPfB5cccRkVqBRcVTit35rf swapped 11955331.545601999 RYOSHI for 0.952230772 SOL,2rYm7y1LRPM8QFzMGsjYkDSXjhBpQX9h9rGnzuKKkqNZ3x83ev7PUhwt1wMnirCzA2YbmYVUjfTqGZHbHNuFZTk1,128.92282635253036
RYOSHI,Sell,Sat  06 Jul 2024 00:46:54 GMT,4.95,11955331.545602,HBDc1wVKkJbWswZDb2svGtPfB5cccRkVqBRcVTit35rf swapped 4.95 SOL for 11955331.545601999 RYOSHI,5FJzKiTUnB4kzsXn6wT4pQyL8dMconMEGYntgabwYkQSTz1DW2x5TZscn5kexa6szwZURzxam6C5XGbVYGjkKdEB,672.3100875541767
NAHMIR,Buy,Fri  05 Jul 2024 23:57:46 GMT,5.347135451,14798520.595727,HBDc1wVKkJbWswZDb2svGtPfB5cccRkVqBRcVTit35rf swapped 14798520.595727 NAHMIR for 5.347135451 SOL,HWuQTaMFwTddn8GUg28naEYbXerfo3DGwUc1QxqWWxRvoSsTNDwiqCpgBByDgPHVdAwtgGza19JijUBCKL5YGTK,718.1737379387729
NAHMIR,Sell,Fri  05 Jul 2024 23:57:26 GMT,4.95,14798520.595727,HBDc1wVKkJbWswZDb2svGtPfB5cccRkVqBRcVTit35rf swapped 4.95 SOL for 14798520.595727 NAHMIR,3iThsL3ZyWUziNe85uaHiVaj3Kc65qvhTnBiRGHZxnujUuX5RQDNM1QLaZ8QasUDWhSddDf9uwSJ84NjmtGmJzLo,665.0782508791458
maxi,Buy,Fri  05 Jul 2024 20:24:56 GMT,4.374883748,16926973.28307,HBDc1wVKkJbWswZDb2svGtPfB5cccRkVqBRcVTit35rf swapped 16926973.283070002 maxi for 4.374883748 SOL,2rjkGm8uZzqa9SfkqoMWrWer3g3v2bCS8TSerDaoSsaiHaPTa1tQ3umbhE3fVmAyTQYEsodJuiJi4wX3MjYyLsL,588.2866830995118
BBODEN,Buy,Tue  09 Jul 2024 15:11:33 GMT,0.066601496,1112634.920000001,9B3jrooWGbJVLnSH4Z9bQ8u4Uo61LLnDdhFDbbN6YFu2 swapped 1112634.920000001 BBODEN for 0.066601496 SOL,2mMbhGmzVmrg4ULzYHGT6WTc2s9M2UA9irFDAu3D1cpEWRJ6fcqtv698e4mre3bk6qpR5fg9jKD7ePpxR8npgA99,8.85820594422408
maxi,Sell,Fri  05 Jul 2024 20:21:55 GMT,4.95,16926973.28307,HBDc1wVKkJbWswZDb2svGtPfB5cccRkVqBRcVTit35rf swapped 4.95 SOL for 16926973.283070002 maxi,3UNyChzGndmubTAJCUc57i1CxkmMm2LPvEWWZZWEQxsGUyQkZzcQy6Uvc5mDMjJLKDBd6U5WD5cqzBWoY99thW5Z,665.1839484254982
GBA,Sell,Sun  14 Jul 2024 00:50:29 GMT,1,1578160.917987,HMN8GusByZJii4uVhPQMpVxrDikBAqsaX8aA8xwZfpMU swapped 1 SOL for 1578160.917987 GBA,3p8RusbaCjuFCpPdSZpFDA5PpABnTp69vrQRsZsaGj9DvkRgMQXFZPuSWM4TfQMjDroFZcnoRrNQNkmizRPQV66V,170.29683508786528
YOPI,Buy,Fri  05 Jul 2024 20:08:07 GMT,2.992758767,17012481.463912,HBDc1wVKkJbWswZDb2svGtPfB5cccRkVqBRcVTit35rf swapped 17012481.463911999 YOPI for 2.992758767 SOL,5iSAfcCPSJ8yCT5JfC8Tze8DJun5JeUtRgRnwTZjTrjk22bjikm636oXQHmm1z9HCwD38XdgD8aZsUGcQETaGhXx,403.47060379136934
YOPI,Sell,Fri  05 Jul 2024 20:05:35 GMT,4.95,17012481.463912,HBDc1wVKkJbWswZDb2svGtPfB5cccRkVqBRcVTit35rf swapped 4.95 SOL for 17012481.463911999 YOPI,5YdoxsLts7xg9tuVYEHvTHLBzQFZhiAhLkUqArjTtm1g1RZfHfkKacoPgMuiVnVzuWDxx8cBTNaAQmbc2mrYzYSB,667.2781315608814
CARDI,Buy,Fri  05 Jul 2024 17:57:44 GMT,5.697090689,22258402.415076,HBDc1wVKkJbWswZDb2svGtPfB5cccRkVqBRcVTit35rf swapped 22258402.415075999 CARDI for 5.697090689 SOL,cdfVczBatzMMizEhHKeLmfjCw2AXd5T4ZpQWqUVKoMJ6eH155VP84CocDAj6PN2x2RBQkXuseqEks197nMpJY2T,769.2312163248728
CARDI,Sell,Fri  05 Jul 2024 17:57:37 GMT,4.95,22258402.415076,HBDc1wVKkJbWswZDb2svGtPfB5cccRkVqBRcVTit35rf swapped 4.95 SOL for 22258402.415075999 CARDI,2qqqwbYqKnE67QEqaVa2Ert1toPCYNfbrgpN4UaDgNNDWbSh8EcEmF4cbfUQqF3dZ8muzjhhk3nzs7Zgr1Nowa7Q,668.3577160110958
DOLLY,Buy,Fri  05 Jul 2024 17:36:53 GMT,2.895672279,36672095.560813,HBDc1wVKkJbWswZDb2svGtPfB5cccRkVqBRcVTit35rf swapped 36672095.560813002 DOLLY for 2.895672279 SOL,28dBKvHQofeiwVUzRxv7VqkZ7cg353LCPUKDQS4HqaewxyyiEuwmX9sUp2pT4y5FdSMxxT68ziZGTiWpw7NY4y5t,389.85673916922934
DOLLY,Sell,Fri  05 Jul 2024 17:36:20 GMT,2.97,36672095.560813,HBDc1wVKkJbWswZDb2svGtPfB5cccRkVqBRcVTit35rf swapped 2.97 SOL for 36672095.560813002 DOLLY,2BMFLybN1FmqZQTZexER9MctckUVm52zocByH2R6Tvjo67KoAUba7BV8ve7KcUTTwYtk3s4dBF2FrkHHnkHt6Ysa,398.9226077977269
RORY,Buy,Fri  05 Jul 2024 17:09:56 GMT,2.907805319,19330523.199179,HBDc1wVKkJbWswZDb2svGtPfB5cccRkVqBRcVTit35rf swapped 19330523.199179001 RORY for 2.907805319 SOL,zUp3WEK2Zympv8stMvWbmShP9o6TJfoxjUwTXTwDN8sqT6fbyRL43fkDQQX1bpe1Yzx6k9JhyT8WJzrvDfJZZvv,390.0653437563559
RORY,Sell,Fri  05 Jul 2024 17:08:42 GMT,4.95,19330523.199179,HBDc1wVKkJbWswZDb2svGtPfB5cccRkVqBRcVTit35rf swapped 4.95 SOL for 19330523.199179001 RORY,2SqMBQtnV674CQ1hPmbPcxiDT2s68UhpX9LHNcf5Z7TNaW3GWMYHbrfKusDcTG4sxyaXbad4bW7P451gii2t5Mqp,663.5206429998573
LILY,Buy,Fri  05 Jul 2024 16:58:16 GMT,2.699414094,17335637.102113,HBDc1wVKkJbWswZDb2svGtPfB5cccRkVqBRcVTit35rf swapped 17335637.102113001 LILY for 2.699414094 SOL,QAQQiMB1uigKdXAxHtKJmjE2Lb4jKEJ3riqwG69NGLK4WqovPN3nw6Y9uh6vdm5tnqgXRL1rJ6U6pDyUPEpEAtb,363.25344921730016
LILY,Sell,Fri  05 Jul 2024 16:52:13 GMT,4.95,17335637.102113,HBDc1wVKkJbWswZDb2svGtPfB5cccRkVqBRcVTit35rf swapped 4.95 SOL for 17335637.102113001 LILY,2Veb11GA4nzTqcjUPkdi6tYcqBiRSoyGfAkP4ssoeo9Ee3WosrpfMaotQ9GDdkUtuB7W35KpdJT48VUfTsMNDJZm,667.5366350954964
hamsi,Buy,Fri  05 Jul 2024 16:14:29 GMT,5.989768949,17221020.73792,HBDc1wVKkJbWswZDb2svGtPfB5cccRkVqBRcVTit35rf swapped 17221020.737920001 hamsi for 5.989768949 SOL,2RmPRBnifEbbEftkeECRhJQAr1zxR2mZbQJoNWW5Pq6NmQQE3D3Dh4PbPmxgQDQFBfK5XZEvFGK4xCLjZ3bcaVzM,808.0258950325992
hamsi,Sell,Fri  05 Jul 2024 16:14:11 GMT,4.95,17221020.73792,HBDc1wVKkJbWswZDb2svGtPfB5cccRkVqBRcVTit35rf swapped 4.95 SOL for 17221020.737920001 hamsi,37ERdC4hehJA2daVM6fF5rhTdCRwgXKNKjG9Gfk72oUWd77RUxSCsPwhccmbF6WeCqLyNa5woKvYXEym426HhS79,667.7600111902691
WILLY,Buy,Fri  05 Jul 2024 15:53:03 GMT,6.103061414,14697802.11107,HBDc1wVKkJbWswZDb2svGtPfB5cccRkVqBRcVTit35rf swapped 14697802.11107 WILLY for 6.103061414 SOL,5bdQL5tHeGp5fTHrhEh8wXdKovVrAAFHuQDi6ut3jm3Qatqc35PcBB818gyiVWmfXcDnDxCb2qmcdxTUPdMtZS4e,820.2726516095744
WILLY,Sell,Fri  05 Jul 2024 15:45:21 GMT,4.95,14697802.11107,HBDc1wVKkJbWswZDb2svGtPfB5cccRkVqBRcVTit35rf swapped 4.95 SOL for 14697802.11107 WILLY,3qUFw9uFzXv8ohGZP8knZpgZP1F9ktyvTYtJBMSVDYs1BHmgKCJ85oT6R7kyAdPZhDbngLmKSVYpy1MGvUD4tbZX,664.2294608704536
Spudo,Buy,Fri  05 Jul 2024 15:30:08 GMT,2.617968477,5822256.990238,HBDc1wVKkJbWswZDb2svGtPfB5cccRkVqBRcVTit35rf swapped 5822256.990238 Spudo for 2.617968477 SOL,4uit4FzquNybaFidoXPcJaMyGzkDaaRDJAF5JjTYdHjRKNXnJEUxR2JFvQ7g11zdDoRByPZ3w19fMPr1jyZG7uyd,350.74082742232684
Spudo,Sell,Fri  05 Jul 2024 15:29:10 GMT,1.98,5822256.990238,HBDc1wVKkJbWswZDb2svGtPfB5cccRkVqBRcVTit35rf swapped 1.98 SOL for 5822256.990238 Spudo,33pS5SkJxdCqU9h9GAr569omUpXSB1LXNFV3eDHqYXVkt91xoD2HsfYL98wptpKveU2WvawTw9Qf8oVXaD31yAdc,264.7139334501012
HERO,Buy,Mon  01 Jul 2024 04:59:46 GMT,76.709307737,174055.656226799,DNCcqvtme6porP4QQXMp7xYZddHqK6x4PLWHHpGCdw1i swapped 174055.656226799 HERO for 76.709307737 SOL,644LdBCyHEPX3U9gpqKJovBYc3Q8tLKPwLeSvn8K8No87mmgd2N8JCMQLXRF5vV1MGqBE8hMVDPEL1aMoHqXbD1o,11175.431047966369
Cutie,Sell,Thu  04 Jul 2024 20:51:22 GMT,1,774435.937163,En6YHLWvCp8K8KDfqH43JpUQEPAfgqLJVV2GeTjiwUCm swapped 1 SOL for 774435.937163 Cutie,2njw9fesMpTqwtmKBGa9PG9GoNSUeHhemaCrh6D6yfh5ptffv2zLDN3ERrBUHSJoEJqKVnBhoBGYyjkQu4Ptcmp7,146.50855539098643
DCA,Buy,Fri  12 Jul 2024 21:47:07 GMT,0.847581236,12993143.35288,5z6kaZ5Ekq8PXoTZ3TBueETUPDF8dGy9Le3huRCHAjkD swapped 12993143.352879999 DCA for 0.847581236 SOL,4nyGNeyGBRBXiRg5jmUbwobg1YJSYCj98WbujyyLQeZ86eJU6zGWVhNGwJXMGMdjvA96jjGQYXsEqhiifyWRuG1n,152.305472842069
EMI,Sell,Wed  03 Jul 2024 21:10:52 GMT,0.1,773240.880113,9JerKiGQDWqpiphRdhQCm4Wm9ZXoUyyoK8u8PwfGruzK swapped 0.1 SOL for 773240.880113 EMI,3WPbqUDwZAeHU2fCto5ipha27jQixGUSZes4oWQn8yC3VwVzVW3zPquN2X6aPnb5KmQfAXUE5SBD67v51Qcwd77w,14.658234283047669
cepi,Buy,Thu  11 Jul 2024 23:25:02 GMT,11.00554418,4091049.825597,9qLxeT62DFv1fx7aB3TPQEArqqPnKpS4gzG1Wq2Y4LYN swapped 4091049.825597 cepi for 11.00554418 SOL,5bJwcJayA2d2HevsJosLqXvTEjSoVdWYLYFYHSuSsCGxvBK9UTrkJjpzJ8BqZZ5EQnADXrUrvn5uKNRNAKjTFKsX,1821.0209332619938
SIGMA,Sell,Sun  14 Jul 2024 07:27:46 GMT,6.6,500239.791007,3rEv4YKa1JxsupETm8C2H5CNyVc3YNMhzjgNWCDkQWv6 swapped 6.6 SOL for 500239.791007 SIGMA,5NSTXiP6YgJFyBvZ8AtuDokf7Up2zGCnLnW7U3uW3vzaFWzwB9qSaaQZ48SnPrtSXXa5Fy5opJSLvyxmAXt1t587,1143.7414098923032
DONNY,Buy,Sun  14 Jul 2024 12:01:05 GMT,2.942891222,2979057.330782,DNfuF1L62WWyW3pNakVkyGGFzVVhj4Yr52jSmdTyeBHm swapped 2979057.330782 DONNY for 2.942891222 SOL,28TyQm2874SAoX85pLDWSMnvsYcoSJGtg7dGyNzszhxYG3cTNqfbYipw7vjvz8Vh8cNE6d2jDaxLSeJQZAtcuBhT,467.10546556338215
DORAE2,Buy,Fri  05 Jul 2024 13:24:55 GMT,0.84263858,6396519.236612,HBDc1wVKkJbWswZDb2svGtPfB5cccRkVqBRcVTit35rf swapped 6396519.236612 DORAE2 for 0.84263858 SOL,f8Vx8L8H3fQQUcyBmCyBjuteRj8Jw1Z8H3rUt3yoRWBRHrxTEVfcDRDQaucToqBjusTyfrYw1RwXWeucNjDhCRK,110.64995764397956
DORAE2,Sell,Fri  05 Jul 2024 04:52:41 GMT,1.98,6396519.236612,HBDc1wVKkJbWswZDb2svGtPfB5cccRkVqBRcVTit35rf swapped 1.98 SOL for 6396519.236612 DORAE2,4DrV8TuTs68T6eAY6w2JVA7u8Q8Fr74XmgVh4xhsabqCBbF3whGMZtsEkYhBoPZo53zVnVnNuJSfPtDccnPbco7b,249.45579824406167
DORAE2,Buy,Fri  05 Jul 2024 04:47:51 GMT,0.245561751,1049773.687095,HBDc1wVKkJbWswZDb2svGtPfB5cccRkVqBRcVTit35rf swapped 1049773.687095 DORAE2 for 0.245561751 SOL,3cH3ZrqBS7jAQZVwSE6GgoVPDfdNdTaMJgVaCueachGj1jSkankXvRbuyzxJwanps7zUohX4znRmPiZtveYGEFNo,30.869813139321593
DORAE2,Sell,Fri  05 Jul 2024 04:44:43 GMT,0.2475,1049773.687095,HBDc1wVKkJbWswZDb2svGtPfB5cccRkVqBRcVTit35rf swapped 0.2475 SOL for 1049773.687095 DORAE2,6UaqNpgh4uBc64n5qdWDpJLzdGpAzmc1uYP2xcX74SwVaGpS8wUDqacg43GhAREeGT1tKfqT6sVXy2jkmbU3bGL,31.30671126130889
DORAE2,Buy,Fri  05 Jul 2024 04:42:24 GMT,2.36353006,8510572.041442,HBDc1wVKkJbWswZDb2svGtPfB5cccRkVqBRcVTit35rf swapped 8510572.041441999 DORAE2 for 2.36353006 SOL,5RG8czoAwW3zBQxJPUKVeCn2sHGAwWYhJ9CugcgTHpfbrnLQYPfcH2SYznDTK6R2bYCUVpg9W2Z39TCuqftFyyPi,298.6019492891481
DORAE2,Sell,Fri  05 Jul 2024 04:39:28 GMT,2.97,8510572.041442,HBDc1wVKkJbWswZDb2svGtPfB5cccRkVqBRcVTit35rf swapped 2.97 SOL for 8510572.041441999 DORAE2,4KM47pL46pi639j2fqWdZL5KBpkjaMhURim6nxnxjx54Z2SrJaj2boNckHLNgB42yBPC98Ty7M4L7547vezPKCNp,374.7476075670237
DORAE2,Buy,Fri  05 Jul 2024 04:26:57 GMT,1.594936056,1312996.891675,HBDc1wVKkJbWswZDb2svGtPfB5cccRkVqBRcVTit35rf swapped 1312996.891675 DORAE2 for 1.594936056 SOL,5kJb3uZxkeJ8SbMgzNDNdujBDg12FoPtgonU4TnEvMxUsGDYnJoAbMs2FLGWqe8SUN9A5MS29294NFrFwo3FE8wb,200.98559653031137
DORAE2,Sell,Fri  05 Jul 2024 04:15:02 GMT,1.98,1312996.891675,HBDc1wVKkJbWswZDb2svGtPfB5cccRkVqBRcVTit35rf swapped 1.98 SOL for 1312996.891675 DORAE2,3FerTF6NMCFXMoE7FhhhmmtVMLsPrsjZXveQAhH2X1Nd9ZczAspuZh9hcN88WapPML9zu9rxtNtYXvg5Pw3okgAh,244.1523443022292
DORAE2,Buy,Fri  05 Jul 2024 04:04:03 GMT,0.188291189,170572.368499,HBDc1wVKkJbWswZDb2svGtPfB5cccRkVqBRcVTit35rf swapped 170572.368499 DORAE2 for 0.188291189 SOL,zGvsWsbxH8VxRGeKgLNHkmJ2CGyLeMsvy3MwUhw7nPKpT2m19UrrYwjQWzaPVK1Pc2BU714TKbCDL9cVNohoRJc,23.346184539292736
DORAE2,Sell,Fri  05 Jul 2024 03:52:54 GMT,0.2475,170572.368499,HBDc1wVKkJbWswZDb2svGtPfB5cccRkVqBRcVTit35rf swapped 0.2475 SOL for 170572.368499 DORAE2,Yh3Sp3P6LorgEh9AeipdkZF4TyZymufp1B9Wiua2ed299Aq1Kiu7ybVKs7esYb7voHcor7vZpcGeAZHb95HgQrW,30.53287532582397
DORAE2,Buy,Fri  05 Jul 2024 03:52:34 GMT,4.025905296,2694290.040422,HBDc1wVKkJbWswZDb2svGtPfB5cccRkVqBRcVTit35rf swapped 2694290.040422 DORAE2 for 4.025905296 SOL,4RKmR4G2Q7zXH5K863AWFDgcTYQFLypkX2iY6c6yAsLRh4x42mUUY83Fm8jzKbMG16BQw4zhnmEnQUn65T917rpN,496.6564221266362
DORAE2,Sell,Fri  05 Jul 2024 03:43:13 GMT,1.98,2694290.040422,HBDc1wVKkJbWswZDb2svGtPfB5cccRkVqBRcVTit35rf swapped 1.98 SOL for 2694290.040422 DORAE2,wMDLzZSHpKJi7xrD3xHN8fyF79RWvxmynazAEzFxM3mTbSiMJNGrLvXgJ3JRrhk5yNE3pt1C26NF3K9P3V9Xi5n,245.23737667503696
PUSH,Buy,Fri  05 Jul 2024 01:56:24 GMT,3.599898159,9241906.426549,HBDc1wVKkJbWswZDb2svGtPfB5cccRkVqBRcVTit35rf swapped 9241906.426549001 PUSH for 3.599898159 SOL,38jSMNAXcTVwBx4pExmQLhFo5cZLzSKdYEsD7wptQ57We5x2aJWwHVBdF378iTTnesfNUVmJgCnmP7CJjAZPjCwP,463.20180217750635
PUSH,Sell,Fri  05 Jul 2024 01:55:38 GMT,4.95,9241906.426549,HBDc1wVKkJbWswZDb2svGtPfB5cccRkVqBRcVTit35rf swapped 4.95 SOL for 9241906.426549001 PUSH,2YfVtWrNwRyHP38AdXgL2xPydpkhAFe3BeE2RpYmbXWk9KtZPpBbXbxmAAmJ6XiMjvGRtX1k65iqJ2KijYd2VzUq,636.9204959441345
BOYZ,Buy,Fri  05 Jul 2024 01:19:22 GMT,5.275884491,12171698.45685,HBDc1wVKkJbWswZDb2svGtPfB5cccRkVqBRcVTit35rf swapped 12171698.45685 BOYZ for 5.275884491 SOL,4QRGiEi1xXzxfcY8rBXV9BgckbL2HFzoXGqrvreYMbvYsVqQrzaXU5ZByitzNeDk8TGkAVpnZKtgryxuEN55CgiA,676.2899978630339
BOYZ,Sell,Fri  05 Jul 2024 01:18:56 GMT,4.95,12171698.45685,HBDc1wVKkJbWswZDb2svGtPfB5cccRkVqBRcVTit35rf swapped 4.95 SOL for 12171698.45685 BOYZ,41v4ULiNoyFERK6A1jv5NssRVnngQjEr4K9cAZXDcKRWDdMCKPpChH3Ujkpjn69y7VWtjsBKY39PmkpzEUiCtNjE,634.5164484045596
BONY,Buy,Fri  05 Jul 2024 00:33:30 GMT,2.660698979,3596007.947641,HBDc1wVKkJbWswZDb2svGtPfB5cccRkVqBRcVTit35rf swapped 3596007.947641 BONY for 2.660698979 SOL,4QSmjgwnMPFz9uZtzmkeTYvaVTD4Z7TtKLprVuiHfmPKAUwNkePd2HwCHVSwVALfrxUE4AJQMtKGug2WBtocPWyj,336.7666055186846
BONY,Sell,Fri  05 Jul 2024 00:31:17 GMT,1.98,3596007.947641,HBDc1wVKkJbWswZDb2svGtPfB5cccRkVqBRcVTit35rf swapped 1.98 SOL for 3596007.947641 BONY,4SuUvvBH7ddkSuNwWQwUGyD3ShetuxtL7TnuiAfn3MSvmcLuhEVdoBc87Z3fXAX1DL7KV8ZPLdkzhowtLeg6MJqt,251.46886921705928
WILLY,Buy,Thu  04 Jul 2024 23:57:57 GMT,3.414119752,17711056.02145,HBDc1wVKkJbWswZDb2svGtPfB5cccRkVqBRcVTit35rf swapped 17711056.021450002 WILLY for 3.414119752 SOL,3ZeecDQyAd2wbxCPL4GWWQfjeQftcgh39q45Aqu2URwGmpMvmqydSn9hmTAizKZfqEoWD7DapHGcN1XCjHDg2E5p,435.2131049305523
WILLY,Sell,Thu  04 Jul 2024 23:53:56 GMT,4.95,17711056.02145,HBDc1wVKkJbWswZDb2svGtPfB5cccRkVqBRcVTit35rf swapped 4.95 SOL for 17711056.021450002 WILLY,4G5MQPfJ1NiP4GJ8wAM6isUv9Ta1T1LDjyHV78RSgFaMGGxAcVeDjvbzVuUEVt5BshwpqTwGWghoBZ5SWPcHYUCE,632.0448690771117
Yoda,Buy,Thu  04 Jul 2024 23:45:14 GMT,6.728825003,8759458.728844,HBDc1wVKkJbWswZDb2svGtPfB5cccRkVqBRcVTit35rf swapped 8759458.728844 Yoda for 6.728825003 SOL,2LYqQ4kAm4zRtcx4zfrHL7NK9WqVEhrUhug6Gv8t85MmpNyiwsrCM6jvYjUcqVdHEtm3YcqWggSmE2gG4w7ALamY,868.0465153968302
Yoda,Sell,Thu  04 Jul 2024 23:41:05 GMT,4.95,8759458.728844,HBDc1wVKkJbWswZDb2svGtPfB5cccRkVqBRcVTit35rf swapped 4.95 SOL for 8759458.728844 Yoda,4xtCfiQUQvN1YxjwfgwvRFSkSeC8NLZTqnh6NF7tnMm6jyAHjFFmMoJ9Mg9vG1yqw4zEeQhLrjDsQZ2m7wFMQv7d,632.4599003867373
カネキ,Buy,Thu  04 Jul 2024 22:53:43 GMT,1.746707712,23542214.768231,HBDc1wVKkJbWswZDb2svGtPfB5cccRkVqBRcVTit35rf swapped 23542214.768231001 カネキ for 1.746707712 SOL,8Nk9nbaFqUg2XrK5XZ1jg5vdp5wNYZjs1vxp7R6ynLmW5ER9emimUUkqhQsDsx1F9R2QFiUjRKunnk4GcgLaMKh,231.91988225394604
カネキ,Sell,Thu  04 Jul 2024 22:52:37 GMT,4.95,23542214.768231,HBDc1wVKkJbWswZDb2svGtPfB5cccRkVqBRcVTit35rf swapped 4.95 SOL for 23542214.768231001 カネキ,2jup717o5xVAyVkfEpEX9ZqZGtnuTU36drwPjmZougZUEetCBebWjw3ejd63EpmNcSSvLVErZCnTX4mem9aQvbqC,657.2190652083472
KEYCAT,Buy,Thu  04 Jul 2024 22:28:51 GMT,1.657141992,25798189.567428,HBDc1wVKkJbWswZDb2svGtPfB5cccRkVqBRcVTit35rf swapped 25798189.567428 KEYCAT for 1.657141992 SOL,5QdyfZfVW5tsLYVvKKrh2Lo4hd7xx5FYu2rKX8rSEPs2JeiAayZVBMRYD2WXEgfidYfqC3BMgVme4989SSRkFNVS,221.42272734702775
KEYCAT,Sell,Thu  04 Jul 2024 22:27:15 GMT,4.95,25798189.567428,HBDc1wVKkJbWswZDb2svGtPfB5cccRkVqBRcVTit35rf swapped 4.95 SOL for 25798189.567428 KEYCAT,23QyB6UFruBko6BxqAP1FgDkyLyfpKX4oxiH2b2qoufFd2t6STABdh9Q2Ya8YB3VAj1PSjeEttyEQSE1ysZEnsCm,661.3714561540414
rawr,Buy,Thu  04 Jul 2024 22:20:28 GMT,6.860595539,14420324.278043,HBDc1wVKkJbWswZDb2svGtPfB5cccRkVqBRcVTit35rf swapped 14420324.278043 rawr for 6.860595539 SOL,ZLJ86b6JDi5FMSusNgdjppDq4BzjQ6UabtMRwCKd8dG2bsvCDnHFTYBd6iceXURfdzUNxrSWUKdPTwdux199dBt,919.4966146223948
rawr,Sell,Thu  04 Jul 2024 22:20:21 GMT,4.95,14420324.278043,HBDc1wVKkJbWswZDb2svGtPfB5cccRkVqBRcVTit35rf swapped 4.95 SOL for 14420324.278043 rawr,32Z66xXT8S1t3zNXbrzM651EQqpVQ4pfjnDnBz1r2b7AYjisgQjtExWHz9LsWNxCzZFDw8K3ruYmJHcEJn7F9UtG,663.4275722139832
DRAGON,Buy,Thu  04 Jul 2024 22:14:40 GMT,0.389884608,2879220.475642,HBDc1wVKkJbWswZDb2svGtPfB5cccRkVqBRcVTit35rf swapped 2879220.475642 DRAGON for 0.389884608 SOL,2Wjt3d3Msn1tEbzUA71v3s8etWzB9yQxngNW6EVzgqvPFtTgCrwJ6bNEpHa8pHzpy78QQFiTcDmBfKUGUa9XXq9o,52.37068938258163
DRAGON,Sell,Thu  04 Jul 2024 22:13:38 GMT,1.98,2879220.475642,HBDc1wVKkJbWswZDb2svGtPfB5cccRkVqBRcVTit35rf swapped 1.98 SOL for 2879220.475642 DRAGON,yBiJND9iSEGi4k9bW86g3SUuNnmQ14UDWZKF6XBDyV8dZChayijSF61nN7cYEpwcDd3TwB7C3AUtayf3Gb2bkGz,265.9191822556914
SLEI,Buy,Thu  04 Jul 2024 21:58:40 GMT,6.409611147,16085496.169489,HBDc1wVKkJbWswZDb2svGtPfB5cccRkVqBRcVTit35rf swapped 16085496.169489 SLEI for 6.409611147 SOL,3xj6jBa5JSEYjJ2C6xbwSrQmu5YA75s5WWwJ9fBVjYZjYoFTE6egeGwK8o9667xVu4Qh9ntAbRWDmDQ54gZoh8WM,864.6089487784541
SLEI,Sell,Thu  04 Jul 2024 21:57:25 GMT,4.95,16085496.169489,HBDc1wVKkJbWswZDb2svGtPfB5cccRkVqBRcVTit35rf swapped 4.95 SOL for 16085496.169489 SLEI,3BfyjXkxAAP9E4fWAEdLR1poNHFonfrAuWUh22XFVafpSb7HeqKAgnSec3y9hATZsYhyrn1RSB6dfLXhAQtccR4u,665.9097075327709
TIMMY,Buy,Thu  04 Jul 2024 21:30:15 GMT,3.189335289,10169836.328734,HBDc1wVKkJbWswZDb2svGtPfB5cccRkVqBRcVTit35rf swapped 10169836.328733999 TIMMY for 3.189335289 SOL,4p6utWJPP75fz8wgHiUUBGcdUzzEauWJSKTpR6Ub21jyqDe8Ubqyd9DskBfE365MtqkpJpgmrD8111gJE3e28DJq,429.93603951681763
TIMMY,Sell,Thu  04 Jul 2024 21:21:32 GMT,4.95,10169836.328734,HBDc1wVKkJbWswZDb2svGtPfB5cccRkVqBRcVTit35rf swapped 4.95 SOL for 10169836.328733999 TIMMY,5mNnbZnXJvQCnNtzZ4LEukbx4FcM7MxitYsv7e4cVpRsUbzhcTmf8b7R3645on6Kq5Rg8XkponJ1qdRgRwjyruSi,670.5932810381199
maoki,Buy,Thu  04 Jul 2024 21:20:45 GMT,6.785698165,12595166.920985,HBDc1wVKkJbWswZDb2svGtPfB5cccRkVqBRcVTit35rf swapped 12595166.920985 maoki for 6.785698165 SOL,3Bce5zuWDAgrpFaSCB5rnezgR2hKYRgR84sjMVdEfDkrJTsVhFSvjMpP4tv4HsHPcYoGjnptuE86eAYvGHZUnueX,918.2583566983254
maoki,Sell,Thu  04 Jul 2024 21:17:07 GMT,4.95,12595166.920985,HBDc1wVKkJbWswZDb2svGtPfB5cccRkVqBRcVTit35rf swapped 4.95 SOL for 12595166.920985 maoki,5YBvC15dxoJUh3bRk9HxSCW3AXDQqNYx8vZ8T9tYzhdJJLPsmwwqAf4aekuGoBb3jmLApbDhpsruMDz1FGGh8PYn,667.5516462300995
Cutie,Buy,Thu  04 Jul 2024 20:43:16 GMT,6.237504372,15904971.066179,HBDc1wVKkJbWswZDb2svGtPfB5cccRkVqBRcVTit35rf swapped 15904971.066179 Cutie for 6.237504372 SOL,4heFe5H83Bv1Ww5CatH1qRmFYdzM9yF9MAzrbpzhkRvvQdsUN3UyAmDE1BxDmHar7Wiw24aKXzfF6PjxpE3b9P7x,837.6733428544328
Cutie,Sell,Thu  04 Jul 2024 20:43:07 GMT,4.95,15904971.066179,HBDc1wVKkJbWswZDb2svGtPfB5cccRkVqBRcVTit35rf swapped 4.95 SOL for 15904971.066179 Cutie,4iLYTXxx5JZYVgoFGoTJb51wX7fdR8RCdrvz58rc1Pf7a7Uwh8ZeKfP5bsf9NSv2PqiDZjmsKJ6CHwokjFKPKDBX,664.7663552338176
thango,Buy,Thu  04 Jul 2024 20:21:29 GMT,4.738266,17286592.972506,HBDc1wVKkJbWswZDb2svGtPfB5cccRkVqBRcVTit35rf swapped 17286592.972506002 thango for 4.738266 SOL,4vxKMGNG5aPgnXQ9ZYwQdD7c4KrgZKPq8w12Kz1ShkFvvKiscgM48M2HuxBhMKqbtUdM1W8WoUf9FMCvYNH7myYf,634.0229396917141
thango,Sell,Thu  04 Jul 2024 20:21:05 GMT,4.95,17286592.972506,HBDc1wVKkJbWswZDb2svGtPfB5cccRkVqBRcVTit35rf swapped 4.95 SOL for 17286592.972506002 thango,2qjsR5Ss8XomiUz1tyABNR32MjB6PABJon5XfbpxhUubAozzKFk66ut3HPEyTKFEtFutpHxphis3XWnYYfS8vsfK,662.3548681044889
Peasant,Buy,Thu  04 Jul 2024 18:57:01 GMT,3.646177062,20809902.369732,HBDc1wVKkJbWswZDb2svGtPfB5cccRkVqBRcVTit35rf swapped 20809902.369732 Peasant for 3.646177062 SOL,5f9zTzMHTNHr4F83fVXeQDhVX1T1hEAXdYbLqUVMwb92PFN7qLNaYJQvpPxCaW5HJ9HcGi1w1ZvJVhbjV13LNATb,489.55631479754646
Peasant,Sell,Thu  04 Jul 2024 18:56:20 GMT,4.95,20809902.369732,HBDc1wVKkJbWswZDb2svGtPfB5cccRkVqBRcVTit35rf swapped 4.95 SOL for 20809902.369732 Peasant,Cv1ZvyC9QYrL8Hd5sWRHS8BA4mnhgxgyXqoMDGVwCh8szWuqJE7nXy5mcdKsym7YtmWBtK3wpqNvtoN76uWPoM4,664.0491389964975
ERIC,Buy,Thu  04 Jul 2024 18:50:06 GMT,1.257938191,11733710.513976,HBDc1wVKkJbWswZDb2svGtPfB5cccRkVqBRcVTit35rf swapped 11733710.513976 ERIC for 1.257938191 SOL,3q2AETNUNugimkDw3mh9wU6nB1TvDdRLrTdz2DyJK7sJkHNCSm2BKFKZpB4RStc8L5rknBbDX4ceRKftcSZPm9qA,168.22300557929861
ERIC,Sell,Thu  04 Jul 2024 18:48:26 GMT,4.95,11733710.513976,HBDc1wVKkJbWswZDb2svGtPfB5cccRkVqBRcVTit35rf swapped 4.95 SOL for 11733710.513976 ERIC,3QYcp4oBZXEvZ1EJHCN4XxAt1CnwsLRsyz7TFPUZi7CJHRCFMYrqtFyZBUZUpQfPJZHACrAdn2D7D19u2EtVN6ar,662.12240508291
FTH,Buy,Thu  04 Jul 2024 18:38:06 GMT,3.234261568,25884109.063124,HBDc1wVKkJbWswZDb2svGtPfB5cccRkVqBRcVTit35rf swapped 25884109.063124001 FTH for 3.234261568 SOL,2nAeCH5PutVZroVkakrpVCAzvPuz4J61uLVv76WHwuBDDzFRBZ3e8C9GqFyr6Y8bcctDfGF6bQkiGWVPPUWYxWxL,434.7900200863132
FTH,Sell,Thu  04 Jul 2024 18:36:46 GMT,4.95,25884109.063124,HBDc1wVKkJbWswZDb2svGtPfB5cccRkVqBRcVTit35rf swapped 4.95 SOL for 25884109.063124001 FTH,wGk1y5pLSygVqLvCiCv7Sh8iSYGmhQD3zkSqXP94jYfq2cXHdLvkWB8hCuSzWG4kFPm1ErLRoe7HcQbpzs6wwtb,666.7807565963965
Brown,Buy,Thu  04 Jul 2024 17:59:58 GMT,2.872972638,24154175.421333,HBDc1wVKkJbWswZDb2svGtPfB5cccRkVqBRcVTit35rf swapped 24154175.421333 Brown for 2.872972638 SOL,4cAGTV8qa6smUqR75njCrhrHt1UGcD1UoTrv5hxMW2yhUY4xHhFSFoZ7gBfsRjdSzZVEMVXEZazSZv2FsNZqKKBs,387.50174811640204
Brown,Sell,Thu  04 Jul 2024 17:58:12 GMT,4.95,24154175.421333,HBDc1wVKkJbWswZDb2svGtPfB5cccRkVqBRcVTit35rf swapped 4.95 SOL for 24154175.421333 Brown,4y4f3G3CuTRFGVpJtAgCTAfx2m3A3amPa2aXxdHdPAVVxxX9MeqXNpF24Jz5fqTWRpVydEHLZ2jCsGz6Xuvfvmcf,668.4702415754762
datboi,Buy,Mon  08 Jul 2024 01:39:06 GMT,0.007307985,877210.818463769,3DCph9Y7gH93fzHQNEjcJVeCV5j5k76U2WhWbHZH5wpp swapped 877210.818463769 datboi for 0.007307985 SOL,5Swq7isnoWRjfcofAdx6yv2XvhuwhkgGTHtQmwb6PMSz3QuB6aaVJMody6LBWGhhjQqKvP7xdGpwtpmFtrxh329g,0.9404258786741803
BOBBI,Buy,Mon  08 Jul 2024 01:38:39 GMT,0.019850108,664001.696089,3DCph9Y7gH93fzHQNEjcJVeCV5j5k76U2WhWbHZH5wpp swapped 664001.696089 BOBBI for 0.019850108 SOL,2bEcrcxksAWB9uoRuRrZtGtuQSNBCBJPYRruXcKWDYsUYtnLj5qZmgteSEKCmJ1i6DtUaExjpUGwHaoW5oiTngpV,2.5544052509244857
ARION,Buy,Mon  08 Jul 2024 01:38:34 GMT,0.028612157,1583070.316168,3DCph9Y7gH93fzHQNEjcJVeCV5j5k76U2WhWbHZH5wpp swapped 1583070.316168 ARION for 0.028612157 SOL,5Hma8HjM5rAjjpxmbr3HmGdTtbfX3Fw7rz1oXvU1rBjZBR6k17qadSnUV6bcHxC12A2yD5kU5R2R3Sr9KSBKPyh7,3.6819469234663997
typeshit,Buy,Mon  08 Jul 2024 01:38:28 GMT,1.241381674,378480.859867,3DCph9Y7gH93fzHQNEjcJVeCV5j5k76U2WhWbHZH5wpp swapped 378480.859867 typeshit for 1.241381674 SOL,4xBgTE5X2cDMxAFwKf5CiPDM3En41d5AxdPtDNPmVT1Wx4xHgfckoJikFMn7PsxFvQh2HLo1iiVBXPpDharCjHxt,159.50378222128134
SC,Buy,Sun  07 Jul 2024 06:50:52 GMT,92.299411495,4981151.465822137,3DCph9Y7gH93fzHQNEjcJVeCV5j5k76U2WhWbHZH5wpp swapped 4981151.465822137 SC for 92.299411495 SOL,f7nsRjBe4LypcsJ3ChoxJUtBLyWh4PGUPz5N1tQbmNKBrnPgjKccXe1UVvR1SP3K2VWWswbW5me5X1T3wgcj2B8,12912.513488732608
typeshit,Sell,Sun  07 Jul 2024 05:44:03 GMT,1.98,378480.859867,3DCph9Y7gH93fzHQNEjcJVeCV5j5k76U2WhWbHZH5wpp swapped 1.98 SOL for 378480.859867 typeshit,59LRMayD1RByESq4Pnta5r36AJKLoCwrv7FK1xFbSKXPmJLusfmMvXYmQioca4UouZf1daLwDyzWDwFFwVWtVGKn,276.3786684627655
qiu,Buy,Sun  07 Jul 2024 05:12:31 GMT,0.467823365,733894.086365,3DCph9Y7gH93fzHQNEjcJVeCV5j5k76U2WhWbHZH5wpp swapped 733894.086365 qiu for 0.467823365 SOL,4EpwudDFmZg1F3wDfGuZmhcUXeh8a3DtzGzUM8vrYH7vGep32FCgX7uT5nmMYXxFmWjga9j8Mo5a7sLBMvuAaDT2,65.15937276802065
qiu,Sell,Sun  07 Jul 2024 05:04:40 GMT,1.98,733894.086365,3DCph9Y7gH93fzHQNEjcJVeCV5j5k76U2WhWbHZH5wpp swapped 1.98 SOL for 733894.086365 qiu,36cxWAUePJzLCDn11ZkB74tubfXqAFCDvMd9FvuSxbhCA2cVbKs4dD1QKydUfvhYNSv9tawYaqcYP8EnZxCzS3Cg,275.26253488823835
typeshit,Buy,Sun  07 Jul 2024 00:41:37 GMT,4.498319528,1036752.78532,3DCph9Y7gH93fzHQNEjcJVeCV5j5k76U2WhWbHZH5wpp swapped 1036752.78532 typeshit for 4.498319528 SOL,4yAzTeJBaQXBp2t3CsqS684dfVvB1dfph86HhaVo4Ex43sZUL5RR466tNUtxwCGj3BsXMr9AGL4wPSDKbQb8g1eR,638.4761603039436
typeshit,Sell,Sat  06 Jul 2024 23:44:45 GMT,0.99,499017.966434,3DCph9Y7gH93fzHQNEjcJVeCV5j5k76U2WhWbHZH5wpp swapped 0.99 SOL for 499017.966434 typeshit,3KKid2bABeWpNjhavPYmujLT16bscC6ChDZe4dGphcUfiRqrEudoVsCJprTkiC66HefeowiL5QU8iLhUroKQ1boi,141.60237572127244
ber,Buy,Sat  06 Jul 2024 23:42:21 GMT,6.800589423,7343313.825514,3DCph9Y7gH93fzHQNEjcJVeCV5j5k76U2WhWbHZH5wpp swapped 7343313.825514 ber for 6.800589423 SOL,XuHAY8gmoosoCEy2LCf8YLDQnxdcDHUajcBxAsdvN11fxJtziUP3AnYEWTyCdAM14PSAWABXSZ2xvjjmcGXRg8s,971.7649639625497
ber,Sell,Sat  06 Jul 2024 23:33:35 GMT,1.98,3521944.345471,3DCph9Y7gH93fzHQNEjcJVeCV5j5k76U2WhWbHZH5wpp swapped 1.98 SOL for 3521944.345471 ber,4ANRLFpxCWGnG3N7yU8SE3qggNqkmLgt81ywcJCwufFEtepS2Quig62YcdPiYb8c1VfBPtrhm72jn5KviCe8YCc,284.59529221030755
ber,Sell,Sat  06 Jul 2024 23:33:14 GMT,1.98,3821369.480043,3DCph9Y7gH93fzHQNEjcJVeCV5j5k76U2WhWbHZH5wpp swapped 1.98 SOL for 3821369.480043 ber,63njWsBedPpAHAjMagHnacpRsmRxc1qDRKwyB8rCLo561AsWZYyfU6CLL4sF3uFRczcVd7VdWWaw1fMiHFwB23HJ,284.51979571751883
typeshit,Sell,Sat  06 Jul 2024 22:51:43 GMT,1,537734.818886,3DCph9Y7gH93fzHQNEjcJVeCV5j5k76U2WhWbHZH5wpp swapped 1 SOL for 537734.818886 typeshit,3BeyPiQrHzec5UCqkf2vALgJHEh19H2dWZ1J7V49pSCYHvVuNNCnLC4S1kCcz7Bac1a9U8uZ1jy5x2hyutE5KPcN,143.57192896790127
BUMPY,Buy,Sat  06 Jul 2024 20:18:33 GMT,0.296401689,2175985.900342,3DCph9Y7gH93fzHQNEjcJVeCV5j5k76U2WhWbHZH5wpp swapped 2175985.900342 BUMPY for 0.296401689 SOL,3X4fQEpWyA46Mi1n8HH52t8F4r3APmLr46C19FVE5hah7iHrqkjo7iK1M5vF3FHuVx3mRAUAYVYtapESWaqRhaXT,42.57340675888982
BUMPY,Sell,Sat  06 Jul 2024 07:29:56 GMT,1,1110938.524429,3DCph9Y7gH93fzHQNEjcJVeCV5j5k76U2WhWbHZH5wpp swapped 1 SOL for 1110938.524429 BUMPY,3ppTsVGQczfX36KMQp5PetuPd2MgswQg96pNbn5i46GJAA7JqMfyCng3iaZ8yJnYzs2uLWstejuJwvhsorTU8zbA,136.73444634095873
BUMPY,Sell,Sat  06 Jul 2024 07:29:36 GMT,1,1065047.375913,3DCph9Y7gH93fzHQNEjcJVeCV5j5k76U2WhWbHZH5wpp swapped 1 SOL for 1065047.375913 BUMPY,3YNZq3hP4S36L8uPDjZxJdHEHd6ymqxz62fFRj2A4MYJvXkJ3cDsHp3BVEFvSuJxcMj9reJxcDw3zshyXaBzdSyY,136.73444634095873
OREO,Buy,Fri  05 Jul 2024 23:26:05 GMT,1.627124434,8392280.924385,3DCph9Y7gH93fzHQNEjcJVeCV5j5k76U2WhWbHZH5wpp swapped 8392280.924385 OREO for 1.627124434 SOL,eTREricwLN2z4G3n9tG6isLMLf5wtLFUqZWuJCsxLo8UpXKRFvS23Tb1cJSYTYR2AgYR5WcjsyYxYwkQ3YpNRh6,218.80199869176454
WAGMI,Buy,Fri  05 Jul 2024 23:25:53 GMT,2.293927746,4855644.961548,3DCph9Y7gH93fzHQNEjcJVeCV5j5k76U2WhWbHZH5wpp swapped 4855644.961548 WAGMI for 2.293927746 SOL,4EkF1aXtoJNhKCQYeWQrC3BxJ2kHe8aQfqPboQTgsscL6HStUmzH7zwvCZU2DLpn42WhPuG438vBHfJKpy4fgMQn,308.46809573464645
WAGMI,Sell,Fri  05 Jul 2024 22:42:13 GMT,1.98,2443398.205659,3DCph9Y7gH93fzHQNEjcJVeCV5j5k76U2WhWbHZH5wpp swapped 1.98 SOL for 2443398.205659 WAGMI,59pCVcXjW3C7GmHfNBXmbFr9uXJaPMfZTKgBUTDfS45YkAYjhycezEfqvC9BwoqvgEKeVRwzf2ZnULuDBmZbkQcC,267.15279383150215
Gus,Buy,Fri  05 Jul 2024 22:25:23 GMT,1.002050294,21676168.903734,3DCph9Y7gH93fzHQNEjcJVeCV5j5k76U2WhWbHZH5wpp swapped 21676168.903733999 Gus for 1.002050294 SOL,47jvEj8qkVhL62LBA4WzmSQJzdpNM5KjgcKjegU39fVFyfVNRAeuJV7x5GB6xR1xuuqnSTGnGmhs4Ka3fMC4eopD,135.46350678696007
Gus,Sell,Fri  05 Jul 2024 22:23:05 GMT,0.99,10175470.047868,3DCph9Y7gH93fzHQNEjcJVeCV5j5k76U2WhWbHZH5wpp swapped 0.99 SOL for 10175470.047868 Gus,4U1eqe9RUU6CKxh9WtgGqSv9kHadCih6Y7Rq7Y6APRyA7ppMm4bymSMEMbpGKThpS99Cv3KUkhS9BD9Egfx79B3r,133.51247964444434
Gus,Sell,Fri  05 Jul 2024 22:22:44 GMT,0.99,11500698.855866,3DCph9Y7gH93fzHQNEjcJVeCV5j5k76U2WhWbHZH5wpp swapped 0.99 SOL for 11500698.855866 Gus,5egDFdcFhx483BVnZg63uHiHyd6bMbUn15eGWZXirnPHTAYbGP9UTrUEAm4JJLpnR3Tfz1TxKyBKYoZfVqPP2KPu,133.51247964444434
OREO,Sell,Fri  05 Jul 2024 22:17:22 GMT,0.99,4136210.964554,3DCph9Y7gH93fzHQNEjcJVeCV5j5k76U2WhWbHZH5wpp swapped 0.99 SOL for 4136210.964554 OREO,3g6YwqN1fNZTJDCvESdZ6SNneJcso6wzwb7fm5f5iPzVhUU6RApRsFrs9tqhjfWKpdWos1MirvaPcFXuyx5aLtWA,133.97682423981314
OREO,Sell,Fri  05 Jul 2024 22:17:08 GMT,0.99,4256069.959831,3DCph9Y7gH93fzHQNEjcJVeCV5j5k76U2WhWbHZH5wpp swapped 0.99 SOL for 4256069.959831 OREO,3sHBttspdNpnaUaW7fSqqPrd9RX1uSzBqeUEtwjy9FmB1V1Vjmyrp3mUy4mXrGsEiNEeXCqoaZJgL5RpbGpLZZw3,133.97682423981314
WAGMI,Sell,Fri  05 Jul 2024 22:16:29 GMT,4.95,2412246.755889,3DCph9Y7gH93fzHQNEjcJVeCV5j5k76U2WhWbHZH5wpp swapped 4.95 SOL for 2412246.755889 WAGMI,SnH23NVZHEgCVN23nFsEeXAERtkEhfywRz41kxiKyTyZx8JRq4Ss3gXQ48nVcJvbvaQ5dWGbSovMvVtEwHJP2Fx,668.6824369536026
WAGMI,Buy,Fri  05 Jul 2024 22:01:16 GMT,3.642271764,2141593.784918,3DCph9Y7gH93fzHQNEjcJVeCV5j5k76U2WhWbHZH5wpp swapped 2141593.784918 WAGMI for 3.642271764 SOL,5PWdYjpT1dTCTRE3L5wfBcYqjQz9hV1pfW43FLXyX43UvntedCDH9vm7YLNLv11dH3UmhWZELSPrskuejWLNCAxc,490.18249680203365
auracat,Buy,Fri  05 Jul 2024 21:06:15 GMT,2.485987132,4259568.756178,3DCph9Y7gH93fzHQNEjcJVeCV5j5k76U2WhWbHZH5wpp swapped 4259568.756178 auracat for 2.485987132 SOL,4xBhmxewWMMSuMv4AgzKDeB6M5x4j6sJ7EdtniS9h43oVtj71BfRVcamnzU1787LLF4Y632BuGENFPrnWmiaFhv5,336.5931031312782
WAGMI,Buy,Fri  05 Jul 2024 21:05:56 GMT,3.829432383,1016741.614604,3DCph9Y7gH93fzHQNEjcJVeCV5j5k76U2WhWbHZH5wpp swapped 1016741.614604 WAGMI for 3.829432383 SOL,5zqGmmhV3HN59ZNN9AEYUwFXsyr1i5SLrbnbitmAKD8EnDJff57R9aMUupZnQR7WBQ3tr1LFVHb9fSWZDd8aAGzc,518.4904267740094
WAGMI,Buy,Fri  05 Jul 2024 20:44:17 GMT,4.116560283,1318781.649196,3DCph9Y7gH93fzHQNEjcJVeCV5j5k76U2WhWbHZH5wpp swapped 1318781.649196 WAGMI for 4.116560283 SOL,5JEqxPfkk6t8n6hW1RwvfrftefRrhtcrRoyDtNQosfQ89VaKcickYPesfdH6rzzyiBQFeFbCvggMpxgYowaY4mBD,552.921853084245
那兔,Buy,Thu  04 Jul 2024 17:23:34 GMT,1.62187514,25965192.250887416,HBDc1wVKkJbWswZDb2svGtPfB5cccRkVqBRcVTit35rf swapped 25965192.250887416 那兔 for 1.62187514 SOL,2ULkfq4QfN1Gw6mg3AV28McXa2MvxXC2tupJuGJvTF3WQyGnPjqFpws8csgapDLDZzz28ykb45wSmGUV4a66yE6X,219.19331327357534
那兔,Sell,Thu  04 Jul 2024 17:21:47 GMT,2.97,25965192.250887416,HBDc1wVKkJbWswZDb2svGtPfB5cccRkVqBRcVTit35rf swapped 2.97 SOL for 25965192.250887416 那兔,2i6gQtAaR8xu23Q1TSYQnp8XQm9NmoReF8rDh9dqT875hVciyKBJ3JXceaE6vybGW7G8n8tFFRVqAnwXgym5xwey,401.8695887946878
ACE,Buy,Thu  04 Jul 2024 17:12:14 GMT,6.307645341,13645204.367079,HBDc1wVKkJbWswZDb2svGtPfB5cccRkVqBRcVTit35rf swapped 13645204.367079001 ACE for 6.307645341 SOL,JrLoaXUAk9VTncrQLQMXvQQksgxCyBoNFAFJyDRxJWHv6KrgD5TmmF3NLntCJnKuzgUVaFSruWPjfEj6shuG7oh,850.3078551919285
ACE,Sell,Thu  04 Jul 2024 17:09:32 GMT,4.95,13645204.367079,HBDc1wVKkJbWswZDb2svGtPfB5cccRkVqBRcVTit35rf swapped 4.95 SOL for 13645204.367079001 ACE,3pgwKNSRQ2ffMnjZkMcbqvrB21WoZM3mDoFZSMBG5HSD6Xewh1JTk6AXadsEnGrBsnwVxpLXy96TaDE7sa9S4hcj,667.2689227666068
DC,Buy,Thu  04 Jul 2024 16:57:31 GMT,3.423617342,12102036.917195,HBDc1wVKkJbWswZDb2svGtPfB5cccRkVqBRcVTit35rf swapped 12102036.917195 DC for 3.423617342 SOL,4Fu3Y8TwP6xvK727ZqtjiEvkjL9zmiTPHnZMCVV7xB6Wu9MPqaotSgRpF8VY13ccyjBHMVfFcN9wTDvFmWnA1yF8,462.70838789112895
DC,Sell,Thu  04 Jul 2024 16:52:56 GMT,4.95,12102036.917195,HBDc1wVKkJbWswZDb2svGtPfB5cccRkVqBRcVTit35rf swapped 4.95 SOL for 12102036.917195 DC,3ZiPiTaZdJb7g8z7ZwzE9zqRcdn5nM9hLMf6uY7aTQXLQSLe78WKdq6joH51eptYh9s2nWsTVWCHu44NQXfT2qfc,666.4585788332762
LIBBY,Buy,Thu  04 Jul 2024 16:27:09 GMT,1.666016437,11038295.999933,HBDc1wVKkJbWswZDb2svGtPfB5cccRkVqBRcVTit35rf swapped 11038295.999933001 LIBBY for 1.666016437 SOL,3zXxkrscnRNRR4YeE6JWrHCbvJRANhXRzBZHvSMVFwPFzLMqqtdtKYhxzhCX3EEcnwV2YgtA2DiA4vswnG6iZfHR,224.41887585370742
LIBBY,Sell,Thu  04 Jul 2024 16:23:44 GMT,4.95,11038295.999933,HBDc1wVKkJbWswZDb2svGtPfB5cccRkVqBRcVTit35rf swapped 4.95 SOL for 11038295.999933001 LIBBY,3VyVsrxrhdRraYzej1FPSiRmmqqp4Cmpsgg71cyLmjUbFCizu2bZ6SZ6ZpZUPSRfQFCkXck2uRC7TZqNer5ffsG6,667.6451814095697
Cash,Sell,Thu  04 Jul 2024 16:14:46 GMT,4.95,5612081.902853,HBDc1wVKkJbWswZDb2svGtPfB5cccRkVqBRcVTit35rf swapped 4.95 SOL for 5612081.902853 Cash CAT,2toL6YsHxAAMDKHiD6chifvoteAEsy6ov2WTW2NtShn57Jj84AsnE8M4FdwZD6fzSGwoQL4iD6isTVfFVFoPnvbz,666.6371378815638
BAOBAO,Buy,Thu  04 Jul 2024 15:44:49 GMT,3.13238931,6826764.369356,HBDc1wVKkJbWswZDb2svGtPfB5cccRkVqBRcVTit35rf swapped 6826764.369356 BAOBAO for 3.13238931 SOL,3whRd6gKzoJEr966u6BSaqPeSwXu8gkX137QQEiYUBErdjdiQBusmcTPjFz5fLRXyvc5c7RHF9mzaPdvTpudzcb4,422.87895972908547
BAOBAO,Sell,Thu  04 Jul 2024 15:41:05 GMT,4.95,6826764.369356,HBDc1wVKkJbWswZDb2svGtPfB5cccRkVqBRcVTit35rf swapped 4.95 SOL for 6826764.369356 BAOBAO,X4DfpzMttp9cP7oxdmYXs46BeqWTT6EDjkkjw7TFN67ENUroJMDgNAGDNVv77LpzAfy8gehaT6gSXY7hp3PqEBG,664.2235723924534
blink,Buy,Thu  04 Jul 2024 15:30:37 GMT,5.645646441,17215609.199041,HBDc1wVKkJbWswZDb2svGtPfB5cccRkVqBRcVTit35rf swapped 17215609.199041001 blink for 5.645646441 SOL,5Mq4Unap8LdNzCQW7fF4mwQGY1mBPuJ5JuY7WBqNUCqkcz54F4w7hmKaUw9CrN5yHpSZEG1iearytMyU4nLFLvTy,757.1386536719372
blink,Sell,Thu  04 Jul 2024 15:28:12 GMT,4.95,17215609.199041,HBDc1wVKkJbWswZDb2svGtPfB5cccRkVqBRcVTit35rf swapped 4.95 SOL for 17215609.199041001 blink,5B7KRaehBS2pFRmnSMZMpoRJMnDExfz2g9Q3NRF7v4zD9ZuKNLY6AdXsMeNdYMVKh57pjAVJdPe2hont822WU1xe,664.0136059995654
DILLON,Buy,Thu  04 Jul 2024 15:25:34 GMT,5.549315662,10316754.716059,HBDc1wVKkJbWswZDb2svGtPfB5cccRkVqBRcVTit35rf swapped 10316754.716058999 DILLON for 5.549315662 SOL,4KjB9U5PhvfZwWczy1LrT6RxsZR33RUQLGTtGptpa5iUMFrvNpryU4mmSKbNumqbCopqThQW6VvTMd3Unsh13esw,743.6255195750477
DILLON,Sell,Thu  04 Jul 2024 15:23:25 GMT,4.95,10316754.716059,HBDc1wVKkJbWswZDb2svGtPfB5cccRkVqBRcVTit35rf swapped 4.95 SOL for 10316754.716058999 DILLON,3CMVaeCi5BDPRrQnsZ8xt7sqNJ2fvtjzLdD7BquctrNuzoXAekBY267E912KkexJtAcWsUHzr3SFn5PjMzbfP4L4,662.4387785471342
karen,Buy,Thu  04 Jul 2024 14:13:01 GMT,6.197690916,11752880.388302,HBDc1wVKkJbWswZDb2svGtPfB5cccRkVqBRcVTit35rf swapped 11752880.388302 karen for 6.197690916 SOL,4zJjWcd1MqUymqCeoff3DmxncKRLLQxfud7LDhPadxXKNod98jUQPCP2DW86EMt9ekqMZEGy2zE1Ra5DJTZWR2ZD,822.2550529808183
karen,Sell,Thu  04 Jul 2024 14:11:46 GMT,5,11752880.388302,HBDc1wVKkJbWswZDb2svGtPfB5cccRkVqBRcVTit35rf swapped 5 SOL for 11752880.388302 karen,3LgU6Wa8u516yBpVuf67KXYdfUGDjBUkhnaTKu6PXhXD864tjLsjgP4EkEfQ5qqDCXkqakzfbi2yLyyPV8mU1NTy,662.6779431685381
RED,Buy,Thu  04 Jul 2024 13:53:02 GMT,3.140238416,37062368.820145,HBDc1wVKkJbWswZDb2svGtPfB5cccRkVqBRcVTit35rf swapped 37062368.820145003 RED for 3.140238416 SOL,GrCAxBYCWfCNTj4yguCWSQh3tj939QcAYYwg4zAigt1VgaPughNeXghU14WUtrwC1PtvRHzZtvG9MsvR4xYucJJ,417.28412922740137
RED,Sell,Thu  04 Jul 2024 13:48:05 GMT,5,37062368.820145,HBDc1wVKkJbWswZDb2svGtPfB5cccRkVqBRcVTit35rf swapped 5 SOL for 37062368.820145003 RED,3gCrnTs2rFv2mjFptfrpZ2Q4xheXHQzv6Cv8TQws82kSFnA3VKRpxLGd6xfKJDJbp5WGJbA6G7NTjx71uSdVbSpA,663.1235997546797
BULLWU,Buy,Thu  04 Jul 2024 13:33:03 GMT,5.237587069,29869433.050319936,HBDc1wVKkJbWswZDb2svGtPfB5cccRkVqBRcVTit35rf swapped 29869433.050319936 BULLWU for 5.237587069 SOL,3Bt9UPmaU93t9YReWuVZZPJr3jjYpkoVjFcEAqFnt6USkRMJdzmstiojim3HMa67qtUErmjqAjgvGGd6nCVtLhRP,685.6329569926975
BULLWU,Sell,Thu  04 Jul 2024 13:30:05 GMT,4.95,29869433.050319936,HBDc1wVKkJbWswZDb2svGtPfB5cccRkVqBRcVTit35rf swapped 4.95 SOL for 29869433.050319936 BULLWU,4MTicsjSnd2mQ7AC9ny9gRR4dob1McdxSbK9R4cqZfn2S9EGgbYDKnh7uavsUzAC55rXHN5tsT6S8E4Wd11JZV4,644.9383208743835
DogSoup,Buy,Thu  04 Jul 2024 13:13:43 GMT,7.13441423,25610458.918999,HBDc1wVKkJbWswZDb2svGtPfB5cccRkVqBRcVTit35rf swapped 25610458.918999001 DogSoup for 7.13441423 SOL,4CcQQzrncL9WLcBcJW4AV4hopCYCwuEHwu5QgA765wao7HZ581JCzZCjH51WJWLwzXYXLCWvsd7TvkP4xnZiQjdE,948.3458546828246
DogSoup,Sell,Thu  04 Jul 2024 13:12:23 GMT,4.95,25610458.918999,HBDc1wVKkJbWswZDb2svGtPfB5cccRkVqBRcVTit35rf swapped 4.95 SOL for 25610458.918999001 DogSoup,5u6oE76fP4NfMwFrAjw1niZpdL67S6vPZtFwCz58234S3wMHCp9AKKgcUrDKe7Nn3nB4NYQZ1cocmxoC3u9zouzJ,659.253446269704
你好,Buy,Thu  04 Jul 2024 13:04:59 GMT,5.468469348,2776617.737911,HBDc1wVKkJbWswZDb2svGtPfB5cccRkVqBRcVTit35rf swapped 2776617.737911 你好 for 5.468469348 SOL,TdN2f27qvHRHuUABpVN6878trpVC4rLpEuQQEwHHLz1sm4EBFpFMdjGURj39gWWDurAQxYtAsRSUPBc65jctwaK,725.7382317917588
你好,Sell,Thu  04 Jul 2024 13:01:44 GMT,4.95,2776617.737911,HBDc1wVKkJbWswZDb2svGtPfB5cccRkVqBRcVTit35rf swapped 4.95 SOL for 2776617.737911 你好,5Y6Ls1qBi34mrFKmCtirRS2aNcyLmd7nVBVbjmA3qfSfPFrejcWNEHV8G7pbwnsjJacZQFYY6NhjW24hHjhfeCkT,659.1019933465576
LIBERTY,Buy,Thu  04 Jul 2024 09:33:32 GMT,0.669779625,19709569.722593,HBDc1wVKkJbWswZDb2svGtPfB5cccRkVqBRcVTit35rf swapped 19709569.722592998 LIBERTY for 0.669779625 SOL,sWmKJ8XHXSN5qfxyknqVBEeHk5YXPY4j3AVGCQiAYks91tVp7eW3XZRVLzhreAQeLmirjYcaTkREQqxGDx9RtbC,90.40118786029167
BTCTO,Buy,Thu  04 Jul 2024 03:25:12 GMT,2.422798506,9069272.500023,HBDc1wVKkJbWswZDb2svGtPfB5cccRkVqBRcVTit35rf swapped 9069272.500023 BTCTO for 2.422798506 SOL,46NGRhcePvLAuKCsYYpPaPjzTQiLaCvJHdr2RgoQPYb29zncHq33Fa4LzmH4rxsTvHwZD1DRQ5fmhguyBM3HoNtV,329.28220291348646
BTCTO,Sell,Thu  04 Jul 2024 03:22:30 GMT,4.95,9069272.500023,HBDc1wVKkJbWswZDb2svGtPfB5cccRkVqBRcVTit35rf swapped 4.95 SOL for 9069272.500023 BTCTO,4LDpisy9rjeQJXxFKmTGCsySrJpooZB7SmGV1C4kuUbwYDjBV9uD2brXBomXY28rSQWm9xkXrvQWfMKDRnccdh7a,671.9923297001994
freak,Buy,Thu  04 Jul 2024 01:47:33 GMT,5.359974263,9805832.782406,HBDc1wVKkJbWswZDb2svGtPfB5cccRkVqBRcVTit35rf swapped 9805832.782406 freak for 5.359974263 SOL,Z2qM3GgKjof7b4SoTPMeC2YN17PX4ezaMPxpQMudRgKq5FvitP7T3Xgxchc2QaFJeMuG626bSNhrDG7ceU3v6ZC,727.1031038370944
freak,Sell,Thu  04 Jul 2024 01:46:34 GMT,5,9805832.782406,HBDc1wVKkJbWswZDb2svGtPfB5cccRkVqBRcVTit35rf swapped 5 SOL for 9805832.782406 freak,5HFm2NWQNPve9RqzSi2s6PbPciKWyD4at3WU5QuyV9BjDDfxTdAL1nmn6WMeoyfrcqsBTYMUjQQzspG7F1aS7VqK,679.6438943380692
shrizz,Buy,Thu  04 Jul 2024 00:12:35 GMT,1.705208101,6635436.363891,HBDc1wVKkJbWswZDb2svGtPfB5cccRkVqBRcVTit35rf swapped 6635436.363891 shrizz for 1.705208101 SOL,2XtYRrFMKBaFZD2v746SV2WYNq62rFzAwtoi9K4f3ofJcN3oCFQbfEmCWSroLbeqoP2KdpWU2afijCidswKyKzqL,241.45206860041017
shrizz,Buy,Wed  03 Jul 2024 23:58:38 GMT,6.20884215,6635436.363891,HBDc1wVKkJbWswZDb2svGtPfB5cccRkVqBRcVTit35rf swapped 6635436.363891 shrizz for 6.20884215 SOL,2BttLoqe7MNpnFNm4B8NuHz5HPk1hekbjq3B6UMoRgAjVJik5iGQUsCmhqN95UjMo7u4xfWvAEqfovc2oNgjBqLc,873.4073566086553
shrizz,Buy,Wed  03 Jul 2024 23:48:07 GMT,6.525237295,13270872.727781,HBDc1wVKkJbWswZDb2svGtPfB5cccRkVqBRcVTit35rf swapped 13270872.727781 shrizz for 6.525237295 SOL,4PWoFYzwNwDE14sqWCFNQNm593iq3rM5HX5tnJzfTKkANFApF8UZeRA2SkckaBSyRkCDWaCejbbx8oBtcEZrGmpE,918.02785106793
shrizz,Sell,Wed  03 Jul 2024 23:24:27 GMT,4.95,26541745.455563,HBDc1wVKkJbWswZDb2svGtPfB5cccRkVqBRcVTit35rf swapped 4.95 SOL for 26541745.455563001 shrizz,5C4fxiYia33W5VBYX9uzLVPe8mMXkxKRdE93qHTFv8S8j1aoStdzEDTNGB1ivZjozJmNaDaxV3bCWfKqzsrafLk1,696.5641379330835
DRAGON,Buy,Wed  03 Jul 2024 23:22:24 GMT,3.471481272,86971.845111,HBDc1wVKkJbWswZDb2svGtPfB5cccRkVqBRcVTit35rf swapped 86971.845111 DRAGON for 3.471481272 SOL,4YQNqnkAzP7dBa4Two28c9rrqTNdbDWaAUc1KrXsmGoWWgeffQenbZrVLZ7YBvaMSsV9vGyjLMeJ1QiAx9GtmuSW,488.3842760615046
DRAGON,Sell,Wed  03 Jul 2024 23:17:45 GMT,5,86971.845111,HBDc1wVKkJbWswZDb2svGtPfB5cccRkVqBRcVTit35rf swapped 5 SOL for 86971.845111 DRAGON,BFEyukvjJW51vAcAui6kdR8CVidnZw9f5oJChHXo1UsiN7bAZJRRnPDV53ryfc39BunjpRZSwVZpBHmhmhy49Dq,703.5240921208868
SHAQ,Buy,Wed  03 Jul 2024 23:16:47 GMT,5.175442827,12026375.023178,HBDc1wVKkJbWswZDb2svGtPfB5cccRkVqBRcVTit35rf swapped 12026375.023178 SHAQ for 5.175442827 SOL,4eg3ZcyEWzD2Wq3Lg4H3cFf5CHnBzqDJa6XpfujUjWJTZDtproErp5uEBCBpXEoTJBRAuuwzzejAMrKu2shk6qDV,728.2437660289902
SHAQ,Sell,Wed  03 Jul 2024 23:16:02 GMT,4.95,12026375.023178,HBDc1wVKkJbWswZDb2svGtPfB5cccRkVqBRcVTit35rf swapped 4.95 SOL for 12026375.023178 SHAQ,4WqmzSyfb6tnJAwPwPMD3jckPdgkFLP2Gpk3yMLLrmCBJKrCqdT2rug89sugbQYm2tmRQP3DisPrLFVe64fFcdtL,697.19735963868
HERO,Sell,Tue  02 Jul 2024 22:20:46 GMT,250,921514.12081436,ANNH8hrZ7fz7PRh491mHPbsJMdPW3UJT1LWGsbHDTMfg swapped 250 SOL for 921514.12081436 HERO,3kTbHeNadGtHgnhNud3qTFCofy4nYV6ZxBmMSp2mQCEw7ZhvvjryygiGZentzZ3qziQ9xUmhXjeu6JEmhCA472Ze,37670.68498109905
witer,Buy,Wed  03 Jul 2024 22:27:15 GMT,5.44604172,13423829.940818,HBDc1wVKkJbWswZDb2svGtPfB5cccRkVqBRcVTit35rf swapped 13423829.940818001 witer for 5.44604172 SOL,2euYKtzGCvkWmSn9yJrbVudE96hQ5PTDxiorPR7TgnUV9ExdQYzgozsNwquxdVEYsvTFEneMRM5zdGRRA4TT3unJ,765.8821799016407
witer,Sell,Wed  03 Jul 2024 22:25:40 GMT,4.95,13423829.940818,HBDc1wVKkJbWswZDb2svGtPfB5cccRkVqBRcVTit35rf swapped 4.95 SOL for 13423829.940818001 witer,2Z2ghAFBQScqpegW1X4yWWweVKvyFeovUiwb4WezHznZ752tzx9pET3UjyK98qd5iN3vpt3YGWF36s6VHvnW5U2u,695.8536962380372
WAVY,Buy,Wed  03 Jul 2024 22:05:54 GMT,5.923070222,19245605.242332,HBDc1wVKkJbWswZDb2svGtPfB5cccRkVqBRcVTit35rf swapped 19245605.242332 WAVY for 5.923070222 SOL,jWGBxTp3gtsCgncBgyDVSVFHYUGfv56a9FVYQFJWqorUqFRQoJAD7npMxiRfdQFccDvonWPSiyv5fhuUNZRpkZY,836.8130307214507
WAVY,Sell,Wed  03 Jul 2024 22:04:14 GMT,4.95,19245605.242332,HBDc1wVKkJbWswZDb2svGtPfB5cccRkVqBRcVTit35rf swapped 4.95 SOL for 19245605.242332 WAVY,3p4KQGmkzb4eqmaTzN8Q8EScdc2jv9s8e7NJp4r46A1HAbKWSPP7CdieRAtnsEstAtz86bgZfoV9xyJXnFqpMUEx,699.7248549391909
LILI,Buy,Wed  03 Jul 2024 22:03:58 GMT,3.555237596,33284173.905331,HBDc1wVKkJbWswZDb2svGtPfB5cccRkVqBRcVTit35rf swapped 33284173.905331001 LILI for 3.555237596 SOL,CC86Ge2uwrPikeRixnAsBNdmUZq9EfpJNUJRb93NcDvZTrDVSU1EW3gbe3FyEQL7LsTVCurmP5Jv7PLyAX6opkv,502.56325477483995
LILI,Sell,Wed  03 Jul 2024 21:59:09 GMT,4.95,33284173.905331,HBDc1wVKkJbWswZDb2svGtPfB5cccRkVqBRcVTit35rf swapped 4.95 SOL for 33284173.905331001 LILI,5Dpa6J8TisA1sYuJLhfDZXayCpMEpNbyZwosCKr14JEqgHCCkGKg3v9uBM8BzRo5dKd3pKH1YnCfr3ggZHfeZU1o,700.7385338852827
RETIREDIO,Buy,Wed  03 Jul 2024 21:08:53 GMT,6.151011602,9490919.299297,HBDc1wVKkJbWswZDb2svGtPfB5cccRkVqBRcVTit35rf swapped 9490919.299296999 RETIREDIO for 6.151011602 SOL,SP8mbpTwUPmjRTdvE2ghEi3usDdV44geJnETnn6BF3YF3awmYu5r9q4jCrJix5iAtSRzJXdVcGqpsPK1pE8oDuA,862.5624936283051
RETIREDIO,Sell,Wed  03 Jul 2024 21:07:50 GMT,5,9490919.299297,HBDc1wVKkJbWswZDb2svGtPfB5cccRkVqBRcVTit35rf swapped 5 SOL for 9490919.299296999 RETIREDIO,5DrXyA7nwEe6mVT3U8nM7BQz5bDGYWKRgrXprcCs3S5b4FX5s9K2MLzG2Te9fyB2BCBKzrwLWcP7aF6Yud1DT3TG,700.4910023743064
SAGE,Buy,Wed  03 Jul 2024 20:00:17 GMT,5.838517105,26313878.9781,HBDc1wVKkJbWswZDb2svGtPfB5cccRkVqBRcVTit35rf swapped 26313878.978100002 SAGE for 5.838517105 SOL,2AUzknWMy9fSyBpcjxRB2XqBRkZ2DvzexfNqXu4VMy1VYXNR1sARfMLAUSCbBYaUS51W7dhMeUpP7rkPvdZqwz5j,820.3867470896686
SAGE,Sell,Wed  03 Jul 2024 19:59:51 GMT,4.95,26313878.9781,HBDc1wVKkJbWswZDb2svGtPfB5cccRkVqBRcVTit35rf swapped 4.95 SOL for 26313878.978100002 SAGE,41AUoNB5CCcyacJzcMQs3x2PSMJEu7ohEUnuDwiedem67W5pWcZq5HG1sPJPuqgUraGH5DcvNiJ4ijdS7CWy4e9k,695.538665908192
$maochi,Buy,Wed  03 Jul 2024 18:06:09 GMT,5.994942329,14949496.309358,HBDc1wVKkJbWswZDb2svGtPfB5cccRkVqBRcVTit35rf swapped 14949496.309358001 $maochi for 5.994942329 SOL,2hEkDr2DGDYrKSz8Ss1an9WTiXGksZ93MFVz6ZcYdKqvUfR1wXcAgzMNhb2UKVJT8MUzQcyX7cEhvyhmmiQsvCoA,848.1061021803981
$maochi,Sell,Wed  03 Jul 2024 18:04:13 GMT,4.95,14949496.309358,HBDc1wVKkJbWswZDb2svGtPfB5cccRkVqBRcVTit35rf swapped 4.95 SOL for 14949496.309358001 $maochi,54XmFZGzxrsAnV9HzscoibiDGRJjmfqGhtPjCEroM3CbER5kwYgmKjVfLxrLuNWsKcVqzB7FFe7Tq2W18PoiaWGH,698.7617915085932
USBILLY,Buy,Wed  03 Jul 2024 12:07:21 GMT,5.19407398,15014114.530442,HBDc1wVKkJbWswZDb2svGtPfB5cccRkVqBRcVTit35rf swapped 15014114.530441999 USBILLY for 5.19407398 SOL,5eQQEdYZAUmqqMkYx1R9iVEqEg1cyPwhDAkaGuxi8nb9z7RiobgDyKPEXpZ7iqhuRkaaNyen2qgfMJjjiG9Vyqsn,741.7087913914522
USBILLY,Sell,Wed  03 Jul 2024 11:55:44 GMT,4.95,15014114.530442,HBDc1wVKkJbWswZDb2svGtPfB5cccRkVqBRcVTit35rf swapped 4.95 SOL for 15014114.530441999 USBILLY,UGjngiDKEoeSPgEWx86hiUWGVqcZVibH6VVuv8micJtHgmntuNdHeFaMVLkPaZQpcRBcTzn148gfvGG8dtXCawr,711.6691490852809
LUNA,Buy,Wed  03 Jul 2024 11:26:57 GMT,5.352941611,8327606.111918,HBDc1wVKkJbWswZDb2svGtPfB5cccRkVqBRcVTit35rf swapped 8327606.111918 LUNA for 5.352941611 SOL,5amSocKe1RwsDcUHfB5hM7iCmvYWSxNdoansAyGSaPkcuGUZtiW7c9Utzu89sqXrAur5K6ug2xqT3Df2hF7YNXs9,767.170121929142
LUNA,Sell,Wed  03 Jul 2024 11:25:36 GMT,4.95,8327606.111918,HBDc1wVKkJbWswZDb2svGtPfB5cccRkVqBRcVTit35rf swapped 4.95 SOL for 8327606.111918 LUNA,5raPRwrdGRYHHAedjJ6ibsSUvpGNwpmZELwxmLUcTZqdbXAfgr3YiHTb2Lp4XCSbtZY9GzM1Yfnev5MdYJV8daA3,707.8348764024149
FREEDOM,Buy,Wed  03 Jul 2024 10:45:23 GMT,1.493047057,4958746.720471,HBDc1wVKkJbWswZDb2svGtPfB5cccRkVqBRcVTit35rf swapped 4958746.720471 FREEDOM  for 1.493047057 SOL,4LLkmyx7fapgCyzRqt1WLJgEnRnkTW9WnHKJ1n5T3Y846UP7yzFPkKbkTbCGPwqC8aesd3akmcC3UnCpSr29i7kg,215.95945191821068
FREEDOM,Sell,Wed  03 Jul 2024 10:35:20 GMT,4.95,4958746.720471,HBDc1wVKkJbWswZDb2svGtPfB5cccRkVqBRcVTit35rf swapped 4.95 SOL for 4958746.720471 FREEDOM ,53xti78mJC2ta54pZGCtmhAXWnj74fzbkqCQHUjGkJvY77bfbTCrgybJiwajYeaXkjd4uWnZKfgB7Q79rU2qTeuV,714.3000528481066
PAWSSPORT,Buy,Wed  03 Jul 2024 07:13:34 GMT,2.931135061,9934899.135956,HBDc1wVKkJbWswZDb2svGtPfB5cccRkVqBRcVTit35rf swapped 9934899.135956001 PAWSSPORT for 2.931135061 SOL,fCnZosUdS4ksoTV4ExGbgfoLkVvpKAqQTQTnhFrojRpMYN2BJo7FYAzKimjBoiHiLkTzgo8PEezNoT3pT8NWTmp,432.89084114556493
PAWSSPORT,Sell,Wed  03 Jul 2024 07:08:48 GMT,4.95,9934899.135956,HBDc1wVKkJbWswZDb2svGtPfB5cccRkVqBRcVTit35rf swapped 4.95 SOL for 9934899.135956001 PAWSSPORT,5dB23sqLT31dL6mKLZjaARaqkg3aKdj69oCw2QuQWG7JCdLeubQBsx91VhqpLkxkwKarUTSTpcZCWkLccxVAhjxY,733.7306781808073
HERO,Buy,Thu  04 Jul 2024 17:51:28 GMT,10.92061068,54541.090316152,En6YHLWvCp8K8KDfqH43JpUQEPAfgqLJVV2GeTjiwUCm swapped 54541.090316152 HERO for 10.92061068 SOL,35tpGs3e6z6VSrFNpLJjBdxBtPg7pY5PiNzW2as2SUgxPHQ8VHZtybEtmY5TmwTMGmsQutLBdZ2KWAmnFGzpuih,1599.962894714178
EMI,Sell,Wed  03 Jul 2024 21:05:53 GMT,3.6,26630403.565088,9JerKiGQDWqpiphRdhQCm4Wm9ZXoUyyoK8u8PwfGruzK swapped 3.6 SOL for 26630403.565088 EMI,2RDhorG2qU38M6n52itMpyNjGKPwo1N6mem8TpXxPJZfUMhRjEANrb9AynrtuPjfKusjipeVGUPJDqfHLaSHRFE6,527.696434189716
Kelly,Buy,Wed  03 Jul 2024 06:10:29 GMT,7.215302915,32067454.085831,HBDc1wVKkJbWswZDb2svGtPfB5cccRkVqBRcVTit35rf swapped 32067454.085831001 Kelly for 7.215302915 SOL,TRCxrHXTQ5nHj1fDJijnKiErd4Q91TKaBXNgnp4Pj2QTuhMaiNQRvRFW42cRCWiWdceNTFLznR4mMXqhA63B2Sj,1075.0778660152237
GABBY,Buy,Wed  03 Jul 2024 04:08:22 GMT,3.267585676,14932388.776548,HBDc1wVKkJbWswZDb2svGtPfB5cccRkVqBRcVTit35rf swapped 14932388.776548 GABBY for 3.267585676 SOL,3BiNzNTYGSavMiVBmXg78asuWE5qLPsqzwBX9RmEbkNm9C4ueJePS3HyhPNu1PBLxYM2qKYwaBh3wDX5B3vmE3Uy,489.22916941221064
GABBY,Sell,Wed  03 Jul 2024 04:07:29 GMT,4.95,14932388.776548,HBDc1wVKkJbWswZDb2svGtPfB5cccRkVqBRcVTit35rf swapped 4.95 SOL for 14932388.776548 GABBY,4YpbTHHDKrpUFk8SCk1iwSGcMRrX8EQCErPNhTg7W8BEHkH95uKck1uv2PQVuDYLyGYGEzCN1DZb1hyefe5GjkSG,741.505597441955
TIRED,Buy,Wed  03 Jul 2024 03:53:41 GMT,6.298713218,11796508.183312,HBDc1wVKkJbWswZDb2svGtPfB5cccRkVqBRcVTit35rf swapped 11796508.183312001 TIRED for 6.298713218 SOL,5ek9TmQa2zGz3tfPP2jP2a8K9fN71XmYJ4j8r8JgG7y6i235gC17xS4R6v42RwnyCuyoMHp3wk6bNdDiW4WL8G23,946.7222173583148
TIRED,Sell,Wed  03 Jul 2024 03:45:20 GMT,4.95,11796508.183312,HBDc1wVKkJbWswZDb2svGtPfB5cccRkVqBRcVTit35rf swapped 4.95 SOL for 11796508.183312001 TIRED,4f22qxed1f8Nsrsz4iWo7nWF8oCXZSmKyHySGimQfAS23eonm9a2vJaD6kv1ikt8CNN13bB8svTMb7RBbEGE9DWJ,745.6285773483555
QINGWA,Buy,Wed  03 Jul 2024 03:35:53 GMT,6.345567379,14302831.682975,HBDc1wVKkJbWswZDb2svGtPfB5cccRkVqBRcVTit35rf swapped 14302831.682975 QINGWA for 6.345567379 SOL,5HVb5RRTptcXNtjzMJNZrGxhJt4wHUu9iwX3np5XUAhqfswJ29vE29aPsMZUuk9N8wDnbdSxwhZ4SsDYapcme9FG,956.4179154430618
QINGWA,Sell,Wed  03 Jul 2024 03:34:11 GMT,4.95,14302831.682975,HBDc1wVKkJbWswZDb2svGtPfB5cccRkVqBRcVTit35rf swapped 4.95 SOL for 14302831.682975 QINGWA,4toWbDfqEx3jq8snF1G9PoMQBhbE4E9M1RckwBZSrjPJjumggScWmdCMpMgYV2uiJgofSu2LKFXiADM9S7qSAQpm,747.0627441237777
LONG,Buy,Wed  03 Jul 2024 03:13:54 GMT,0.30334722,2552894.548442,HBDc1wVKkJbWswZDb2svGtPfB5cccRkVqBRcVTit35rf swapped 2552894.548442 LONG for 0.30334722 SOL,2G8LWh9apVyciWdLJCzMKqbBB8UAgbgwoqfYd8Pr2Usc1qQsGtNnBGxhza71EsuxD99Su9AMVPztZARKXTMCZngv,45.48302016454568
LONG,Buy,Wed  03 Jul 2024 03:10:07 GMT,3.133528463,2552894.548442,HBDc1wVKkJbWswZDb2svGtPfB5cccRkVqBRcVTit35rf swapped 2552894.548442 LONG for 3.133528463 SOL,34peB5qXfhMAxSoGxAdrnLFTk6NYXxdxFgTt5LQ6nyrbJie1LV3bmFFtwUdcTkaDtSbExQb4NHsMPSZX4h7SfznH,473.0468205390053
LONG,Buy,Wed  03 Jul 2024 03:08:24 GMT,4.120872362,5105789.096883,HBDc1wVKkJbWswZDb2svGtPfB5cccRkVqBRcVTit35rf swapped 5105789.096883 LONG for 4.120872362 SOL,4h9NiFBFnuisK81XDRmE33zVmfTe71u4p3hfgfBgRJQHejXwm1TVqRVKXuRxXysLpGgdUyAsWNtxVYRsMSpMMKRB,623.4669358403536
LONG,Sell,Wed  03 Jul 2024 03:06:08 GMT,5,10211578.193767,HBDc1wVKkJbWswZDb2svGtPfB5cccRkVqBRcVTit35rf swapped 5 SOL for 10211578.193767 LONG,3mV7u1zFUXN199MFmLaw6W7fuPirVg6pm92mogxHajprJ3rkNzTjsFXY3jcaTVTMtvtBJTPoniNZB4kSnFVNJ7SF,757.2489695404042
gou,Buy,Wed  03 Jul 2024 02:46:19 GMT,2.023368432,1309164.384102,HBDc1wVKkJbWswZDb2svGtPfB5cccRkVqBRcVTit35rf swapped 1309164.384102 gou for 2.023368432 SOL,864xz2MRZEa396LTXsz1KLG8AHUNLy1DZWYVKFfpyucxnRipCanjQHRErG5Yqo2py39VKMCnxFn1BhjqmAEnfKW,307.0437615725283
gou,Sell,Wed  03 Jul 2024 02:45:16 GMT,1.98,1309164.384102,HBDc1wVKkJbWswZDb2svGtPfB5cccRkVqBRcVTit35rf swapped 1.98 SOL for 1309164.384102 gou,5MUUsbmd5kwJZ8Xymnzx9uhvEeZw2YrkYanxb1aZEBhXxgXGFdvKMMefY8spwNcno3nxt87yKWqiXGuEVfHsSAAz,300.94297777915835
gou,Buy,Wed  03 Jul 2024 02:41:37 GMT,4.844136016,4808493.713562,HBDc1wVKkJbWswZDb2svGtPfB5cccRkVqBRcVTit35rf swapped 4808493.713562 gou for 4.844136016 SOL,k7wtC5psjK3pQVzb6f4jBmwvUcmiZAyRSqmKMZnpwXG2nC3Xc1tvguTnRe9xXx9n1ARrcCyqi8uwKQzET6fz36q,735.0900241913387
gou,Buy,Wed  03 Jul 2024 02:36:31 GMT,3.398621186,4808493.713562,HBDc1wVKkJbWswZDb2svGtPfB5cccRkVqBRcVTit35rf swapped 4808493.713562 gou for 3.398621186 SOL,5YmtYE2imUSTEDb39fi3mJh26JYVwt3PQoVbtBdsRbu14bSRui7XxW5GyvdjJEs5rBtrmKHrJjum6dqmYyTrQUNE,517.4388999517201
gou,Buy,Wed  03 Jul 2024 02:30:03 GMT,5.073292625,9616987.427123,HBDc1wVKkJbWswZDb2svGtPfB5cccRkVqBRcVTit35rf swapped 9616987.427123001 gou for 5.073292625 SOL,33JYGxSr1aaeHG9QysuecSModRG3Ttujp9PAV6fvFCL28pFfVFjwyaupTKg6mNhUjr6sFd7neGn1J8Fd89cQ3kyq,772.7519300692212
ceily,Buy,Wed  03 Jul 2024 02:23:14 GMT,3.131608371,16727662.316653,HBDc1wVKkJbWswZDb2svGtPfB5cccRkVqBRcVTit35rf swapped 16727662.316653 ceily for 3.131608371 SOL,3Wrk4Qdpsmo1tqG2PfCFiRC5aYxSmJ3DhpfPMq2kXqU4PskRBkkYwgUh4dTSsejRRzrFtqdFXBwvz2ALPNvYTk7z,475.83652312781226
ceily,Sell,Wed  03 Jul 2024 02:22:38 GMT,4.95,16727662.316653,HBDc1wVKkJbWswZDb2svGtPfB5cccRkVqBRcVTit35rf swapped 4.95 SOL for 16727662.316653 ceily,3B8NGCRxCMQnYMk7GWob8eaBtJGSoXqNcEf597ByVvPmB3aymgrGd7a17AET8KmoUNdTJKcA1r1g9Hx7JtV6R16R,752.1345297498156
GBA,Sell,Sun  14 Jul 2024 00:49:42 GMT,1,788909.398491,HMN8GusByZJii4uVhPQMpVxrDikBAqsaX8aA8xwZfpMU swapped 1 SOL for 788909.398491 GBA,2cTybxXUVkhBbpqQPfBDVJrJvzCk914j4nmE1AhHSHAzkMp16UTWqimJbVZHGyYKg8eqM8ifNL2oCrorkaXoECYA,170.29683508786528
PEPEON,Buy,Thu  04 Jul 2024 19:01:44 GMT,2.400821118,3359364.509747,65BULC6KjGaUfDX5rHcpGNxxfYKFxCHWfZRDxaAf5uCo swapped 3359364.509747 PEPEON for 2.400821118 SOL,4ieaxvaGu4Sib7A7bdtCwsvCKKjqXcaR7zKk2VFch94Q5FJz7HmrQZLCzqL2ge9w2mwMyreryPAT2upunThQ8Va,356.55330505192035
BEN,Buy,Wed  03 Jul 2024 01:59:16 GMT,2.18892826,14628489.97526,HBDc1wVKkJbWswZDb2svGtPfB5cccRkVqBRcVTit35rf swapped 14628489.975260001 BEN for 2.18892826 SOL,45f95CBDzr1PLJkTABcSH8it53hDPsTnhio4TvDweWE9QhH6E8Y4xqhcJ6rHB55poeKR9XDDnDYN8z3Sm4FopJbs,332.8715754618597
BEN,Sell,Wed  03 Jul 2024 01:57:12 GMT,4.95,14628489.97526,HBDc1wVKkJbWswZDb2svGtPfB5cccRkVqBRcVTit35rf swapped 4.95 SOL for 14628489.975260001 BEN,3754r448R8hRN92kUsPH9BF7Ps2NuVkWW6h3z8TTukJ33iAs7DQ9W88rgf9KmfJ5tSDQK2kUkiTyqMYGbDmq4TZp,753.4519586178803
Freak,Buy,Wed  03 Jul 2024 01:40:21 GMT,6.297032165,33389758.853806,HBDc1wVKkJbWswZDb2svGtPfB5cccRkVqBRcVTit35rf swapped 33389758.853806 Freak for 6.297032165 SOL,4EBtnc2cWJkYdT6SBbE6YciDnUX2FEV1w25HNaf1q38jxAsFeq3nCTrtj7GoxykWs5fwXQgZrognPjBkxCGwiUkN,965.1679432769967
Freak,Sell,Wed  03 Jul 2024 01:38:32 GMT,4.95,33389758.853806,HBDc1wVKkJbWswZDb2svGtPfB5cccRkVqBRcVTit35rf swapped 4.95 SOL for 33389758.853806 Freak,8Yib1FFGVFtmMDa7EJheDET1rSmEh7UMek28MBFKU3bu854UofArQz3SnLPucxwJd8vaHuJC7jycbhUPFDsymkx,758.7024817568051
Freak,Buy,Wed  03 Jul 2024 01:36:53 GMT,5.4158775,23323705.186402,HBDc1wVKkJbWswZDb2svGtPfB5cccRkVqBRcVTit35rf swapped 23323705.186402 Freak for 5.4158775 SOL,5nsxw73EUeJuwHthhmbpydtzHSMjxSz1Pyp5DNyB3f5SAG852XtwWdtAmM3V9TdC7YkZwjq6xt6SF5pwzYAuM1u8,830.2468110106223
Freak,Sell,Wed  03 Jul 2024 01:36:12 GMT,4.95,23323705.186402,HBDc1wVKkJbWswZDb2svGtPfB5cccRkVqBRcVTit35rf swapped 4.95 SOL for 23323705.186402 Freak,44AvmCmn9UWqSXJxioBJi5RsJkT5hDpW8dqyAQdeD1Z4354YGLeNbqcimKit4VZcimrCU6KK4fCPb2utiNke98NQ,758.1671874402667
BURGER,Buy,Wed  03 Jul 2024 01:19:31 GMT,5.296872764,15113106.501456,HBDc1wVKkJbWswZDb2svGtPfB5cccRkVqBRcVTit35rf swapped 15113106.501456 BURGER for 5.296872764 SOL,4Bnj6ZJJHAxR2FhgohGHQej7wEf3jhAZKrF6LWEDEWDq49Zv5nn5pMJiNSGc53duQqD5yNgAC5cvYMUDj8CbwxAC,809.6999053789606
BURGER,Sell,Wed  03 Jul 2024 01:19:10 GMT,4.95,15113106.501456,HBDc1wVKkJbWswZDb2svGtPfB5cccRkVqBRcVTit35rf swapped 4.95 SOL for 15113106.501456 BURGER,3XMRSPjctVnQGuZbqNu4bcfzbTmhegDQQSMGpxXZGyUfPGBZh76MbPbxCNsjqTVGu5Ur8a28S3gNCTM9cCj6obZ1,756.3609489044579
nao,Buy,Wed  03 Jul 2024 00:39:50 GMT,4.13418847,14216108.119929,HBDc1wVKkJbWswZDb2svGtPfB5cccRkVqBRcVTit35rf swapped 14216108.119929001 nao for 4.13418847 SOL,BoMbTEHEFw71WZH9Puv4MLSkngKXAX1h6jEYmDpbeWqW9FCm1EHtudtd8jH9FVUmqCojt51tG5QaXzRZ7iLqzmw,635.7463775667565
nao,Sell,Wed  03 Jul 2024 00:38:45 GMT,4.95,14216108.119929,HBDc1wVKkJbWswZDb2svGtPfB5cccRkVqBRcVTit35rf swapped 4.95 SOL for 14216108.119929001 nao,4dibgm1f92EZEkMNvwHczFzoSccqyd2yJyuYQ3NEM5fmimed4N1C3oZejXvHv4auQ3bubw5FgfeF1gZ8GLy3Faba,761.4007373671195
kyun,Buy,Wed  03 Jul 2024 00:33:30 GMT,8.997141859,6332124.060334,HBDc1wVKkJbWswZDb2svGtPfB5cccRkVqBRcVTit35rf swapped 6332124.060334 kyun  for 8.997141859 SOL,63DEf2tCs1AaW7A2ACsRwkPcTvqVoCoZ1eVggYBTetrYcEukzvdqCHyftXK1nehRLQ49iGDP8y2HH2728JH4vgs5,1385.0379811910318
kyun,Sell,Wed  03 Jul 2024 00:28:52 GMT,4.95,6332124.060334,HBDc1wVKkJbWswZDb2svGtPfB5cccRkVqBRcVTit35rf swapped 4.95 SOL for 6332124.060334 kyun ,4uwXjJwBZX7FcVuyM4iMRLz2r8oXeoMSr8A1iSxxAU96KJehDLKs29X9rnq2djwzSos2Kj7chEVjrHYVPaw4dtEV,761.2893801169408
REBORN,Buy,Wed  03 Jul 2024 00:04:29 GMT,4.799677139,26422451.033563,HBDc1wVKkJbWswZDb2svGtPfB5cccRkVqBRcVTit35rf swapped 26422451.033562999 REBORN for 4.799677139 SOL,3ckRuku5fGfHA6EQsEAXu5xarKxyetBsq2VSBRa6mW3u7LSJwnPkGsCoEY8nxAwVtfFEEbY2Vr9FiSXdLXrgx1wi,739.1805094252081
REBORN,Sell,Wed  03 Jul 2024 00:02:38 GMT,4.95,26422451.033563,HBDc1wVKkJbWswZDb2svGtPfB5cccRkVqBRcVTit35rf swapped 4.95 SOL for 26422451.033562999 REBORN,3gWRHfm1jsbYU57V2wRaJ759YtTZTZhCrxhznzW6BBG6pyizxieQQsoEwwiivLqjse7Bc5JH2XCeosxMgHhUjZbM,761.2458480278749
MARMOT,Buy,Tue  02 Jul 2024 23:52:44 GMT,1.54127641,19364461.072229,HBDc1wVKkJbWswZDb2svGtPfB5cccRkVqBRcVTit35rf swapped 19364461.072229002 MARMOT for 1.54127641 SOL,2XgyWuXxJ5FK7CrRiGkRTzCkGAfS5mP1jKs76qMvmKAFWoX7DUerNjZoKP2cAiKZn78wcyekofmJ1wtinnQCaTiS,236.6096195261495
MARMOT,Sell,Tue  02 Jul 2024 23:50:34 GMT,4.95,19364461.072229,HBDc1wVKkJbWswZDb2svGtPfB5cccRkVqBRcVTit35rf swapped 4.95 SOL for 19364461.072229002 MARMOT,4FodVGVfoKujHUVf8ob3ABsgyHWcigZ1V3ymFKFHpTpCVrEDXSNTpen5YGghmVWv7aWM6hnHnUqZj5ZaHA3uktnq,760.0870506019414
FLIP,Buy,Tue  02 Jul 2024 23:30:46 GMT,1.212684705,11071465.493144,HBDc1wVKkJbWswZDb2svGtPfB5cccRkVqBRcVTit35rf swapped 11071465.493144 FLIP for 1.212684705 SOL,fQDxDYR5CMwpWvZEebyAxA2aaBTQL62wCVgXqv78moUUbypHKtbDADQAqEU57XAtcPTCcnngByYiKqmUscTp16K,186.91419172714436
FLIP,Sell,Tue  02 Jul 2024 23:27:24 GMT,4.95,11071465.493144,HBDc1wVKkJbWswZDb2svGtPfB5cccRkVqBRcVTit35rf swapped 4.95 SOL for 11071465.493144 FLIP,47mjQHqEjf8B8zr9xCGtZsyWvDeDKomuKMCKWrA64ixsoxTEG5cCHzNMd3vQvu8p46QpsZnFFs6qiA2FB7LN2zKP,763.3700754698123
DCA,Sell,Fri  12 Jul 2024 21:25:17 GMT,5,12993143.35288,5z6kaZ5Ekq8PXoTZ3TBueETUPDF8dGy9Le3huRCHAjkD swapped 5 SOL for 12993143.352879999 DCA,4zNBMhuPmTTdxudgasVTtW6DNaHEM9SB9JLz5qQjJWJVKEKHAyTSLvxsQosWHXa7p9mh3qkBZTje1P6JK3zKeHHU,898.4712401187996
JEFF,Buy,Tue  02 Jul 2024 23:19:16 GMT,1.455601297,6656296.507147,HBDc1wVKkJbWswZDb2svGtPfB5cccRkVqBRcVTit35rf swapped 6656296.507147 JEFF for 1.455601297 SOL,5GqArHoc3yGGaBURGrbJ6psDGQvsUTKdRcifYEGMNG6WfHDt77eQPsdnTpBmahkCAYmEQK8xMZDW99MavTv96a5T,225.1718493079072
JEFF,Sell,Tue  02 Jul 2024 23:17:03 GMT,4.95,6656296.507147,HBDc1wVKkJbWswZDb2svGtPfB5cccRkVqBRcVTit35rf swapped 4.95 SOL for 6656296.507147 JEFF,27X6pArW6fAfxqX1n5GpnrJH2bwPgj8RQhAiBDAPs9ypuHwLMfTwARbpQuZUMhASkDF7pGGakqrsRPaWeLDAPTMY,765.8922581622867
FLOPPY,Buy,Tue  02 Jul 2024 22:40:32 GMT,5.305990991,12454432.129814,HBDc1wVKkJbWswZDb2svGtPfB5cccRkVqBRcVTit35rf swapped 12454432.129814001 FLOPPY for 5.305990991 SOL,2RFYJG7ee6poHTEuXNbYu46V6fVnadUSy8JEpSsNBtCbtU4mqt9vTRbtucqFZ5E6uLXr3f3zTvF4Nme4GYzVzcez,814.6421662174891
FLOPPY,Sell,Tue  02 Jul 2024 22:39:25 GMT,4.95,12454432.129814,HBDc1wVKkJbWswZDb2svGtPfB5cccRkVqBRcVTit35rf swapped 4.95 SOL for 12454432.129814001 FLOPPY,DNdo4pYGuSFvKngLLZg8CfqQBRtmj13L3X13rY9qV7WXgQWBNXTWMEotcUsXnJffxgZYfn8WUwT7LJT957uUyky,760.7802349006315
NBA,Buy,Tue  02 Jul 2024 22:10:43 GMT,2.399524787,14676584.632477,HBDc1wVKkJbWswZDb2svGtPfB5cccRkVqBRcVTit35rf swapped 14676584.632477 NBA for 2.399524787 SOL,3jEarzwbxg5QwavLekDrMYfvcN8qRLyf9wBQDfdQsUqnPCMtCy8GMXefajxkSJZuzfY6rhfEUJdjKbLLN9dmu9A5,369.2859910100872
NBA,Sell,Tue  02 Jul 2024 22:08:13 GMT,4.95,14676584.632477,HBDc1wVKkJbWswZDb2svGtPfB5cccRkVqBRcVTit35rf swapped 4.95 SOL for 14676584.632477 NBA,2992dHX14hK9KvYxGoZvT181V2BhihbDZDPzVw2gyoYZsGPydr1WAnejHrtmSWrmR3PYrgdhJrDdQGiLbaZyvWks,761.3121869774353
BONGO,Buy,Tue  02 Jul 2024 21:26:14 GMT,6.677078686,6944363.527307,HBDc1wVKkJbWswZDb2svGtPfB5cccRkVqBRcVTit35rf swapped 6944363.527307 BONGO for 6.677078686 SOL,2izsrjzqS8oN8dDYJrv3r3ZAUqXoepyMr1bVdqiYDLbWyRXfM5zPTsMpbN3P7Dn6uTpfqDjfKaf41Cr7rrD54HHs,1020.5015183627637
BONGO,Sell,Tue  02 Jul 2024 21:26:00 GMT,4.95,6944363.527307,HBDc1wVKkJbWswZDb2svGtPfB5cccRkVqBRcVTit35rf swapped 4.95 SOL for 6944363.527307 BONGO,273otTeH7HhP4RuqTtiTcd5iDSwJtNTNrwPaPoNzzH2tDGRK5a1Vo1epM5ST8PS6eja8DT4WLfmxk3f9iHc2cvjo,756.5408097537104
moocat,Buy,Tue  02 Jul 2024 21:18:23 GMT,5.257796841,9859714.409248,HBDc1wVKkJbWswZDb2svGtPfB5cccRkVqBRcVTit35rf swapped 9859714.409248 moocat for 5.257796841 SOL,44T8ovFjwUwX4RCWgnhL6iKJVBdpKd1ecSLRiMooUwBNMrrLwaZMy2whrwDCMsGbHzgfNakh8i9A3m6UY1m2JULr,805.4819095949463
moocat,Sell,Tue  02 Jul 2024 21:18:08 GMT,4.95,9859714.409248,HBDc1wVKkJbWswZDb2svGtPfB5cccRkVqBRcVTit35rf swapped 4.95 SOL for 9859714.409248 moocat,55tc4MhZKnJ82sTWK7MwM6DZWAhFd5H17RtiqDP2FhWSS79iS362VxnNnQPyhA13zbqgCrp39U8kaHsXHbhdqa1j,758.3281692064496
GOD,Buy,Tue  02 Jul 2024 17:39:20 GMT,0.594222827,28680731.300049,HBDc1wVKkJbWswZDb2svGtPfB5cccRkVqBRcVTit35rf swapped 28680731.300048999 GOD for 0.594222827 SOL,2ehswVjgmcA75uwvMpvPo3kVoLFNw2Vu3nezFKCSPSUWpdyHP4p8oLSpbFZGxxEJNY41FtpjPnmogFZVEABYEXpn,88.33510759800551
GOD,Sell,Tue  02 Jul 2024 17:38:42 GMT,2,28680731.300049,HBDc1wVKkJbWswZDb2svGtPfB5cccRkVqBRcVTit35rf swapped 2 SOL for 28680731.300048999 GOD,4RhY1DwtUNiCAeCGEAkF8R3kzhpD6bmdGQ39NLi3jduiMHpJJ7oCHTDVgPT5U1iUBzUcQFnPeUoTqj6TVGnvJxLY,297.3130737638442
LAMAR,Buy,Tue  02 Jul 2024 17:32:17 GMT,1.38426152,3486423.285445,HBDc1wVKkJbWswZDb2svGtPfB5cccRkVqBRcVTit35rf swapped 3486423.285445 LAMAR for 1.38426152 SOL,jdafYyNRKGnqLfoq1HQ62E86mfmSj3tNWsfGUiWRbMzRrXy63SkY6XVMMWbLWhWn1XNTmS27hyoTTtgX4ZHGZsV,205.65381694131156
LAMAR,Buy,Tue  02 Jul 2024 17:31:11 GMT,0.498009377,884596.47367,HBDc1wVKkJbWswZDb2svGtPfB5cccRkVqBRcVTit35rf swapped 884596.47367 LAMAR for 0.498009377 SOL,2yzvg5qLvxHDHUD88aaccJxUe7yuy2HZ2zXjjmSgbXgXMPdwtsd7HyXNgj9Yo8qQFahhKNCTVFRLE1soobk7qFfz,73.95009508028534
LAMAR,Buy,Tue  02 Jul 2024 17:30:39 GMT,0.536140686,1138946.940444,HBDc1wVKkJbWswZDb2svGtPfB5cccRkVqBRcVTit35rf swapped 1138946.940444 LAMAR for 0.536140686 SOL,5Kihakx9fUiaZbFf5uvvyfVqPmUnpdD6LUjZLZe43dv1nzUxjRuWnjAUfV1tvVofKPa27Z5PDqHD1De3eXx4FCfR,79.61226542549501
LAMAR,Buy,Tue  02 Jul 2024 17:29:57 GMT,2.312291797,5509966.699559,HBDc1wVKkJbWswZDb2svGtPfB5cccRkVqBRcVTit35rf swapped 5509966.699559 LAMAR for 2.312291797 SOL,2kmhH8zRov3iosN9dBWuqd3o6iFUwZG1HRMMPsEa9Ch5KmPwjguEmzi2GHUja1bHDqF3ceHe79kCarU3JKAF2xjc,343.2157249383563
cepi,Buy,Thu  11 Jul 2024 23:24:40 GMT,10.871983418,4091049.825597,9qLxeT62DFv1fx7aB3TPQEArqqPnKpS4gzG1Wq2Y4LYN swapped 4091049.825597 cepi for 10.871983418 SOL,3fnkW2TCyf7LAPb5ep73JwQYtMevi85YJjEe1V7c1JRptygHpCXkARpfT7SaKoBNNrZgBbeeg8V4PhKBaERCk5dm,1798.9214405439134
$DAVIDO,Buy,Tue  09 Jul 2024 15:09:50 GMT,0.041082898,35599.843386,9B3jrooWGbJVLnSH4Z9bQ8u4Uo61LLnDdhFDbbN6YFu2 swapped 35599.843386 $DAVIDO for 0.041082898 SOL,53b5YwvufjLmvwWmK3GRcPBj7Gv8kthHrdf7HdhiXDpbuUhMGdzvgm2Dgao9sr7Ui3AnDGNWjeCGb4TRt7rjN1Bx,5.464153106554117
USA,Sell,Sun  14 Jul 2024 06:39:40 GMT,30,4339890333.474575,3rEv4YKa1JxsupETm8C2H5CNyVc3YNMhzjgNWCDkQWv6 swapped 30 SOL for 4339890333.474575043 USA,39sAB3tmrKr8ENiG2dMgrbEWg6BVmqdrAZPUiCQ3y7S6zZ4CryZGMUW6Aym1ysigKKedpk2BEdPsJAGern3MaXsQ,5198.824590419561
auracat,Buy,Fri  05 Jul 2024 20:35:55 GMT,2.139533315,4259568.756177,3DCph9Y7gH93fzHQNEjcJVeCV5j5k76U2WhWbHZH5wpp swapped 4259568.756177 auracat for 2.139533315 SOL,5s3dYzPn3g7Bw4swqXLd8E8EbCyGUYXugtsjinZFxjqEAHTyHMDxGoDhLkyhMjXahwMysyw12vvviXbcfUBfdAbK,288.03925935852817
HERO,Sell,Mon  01 Jul 2024 04:57:45 GMT,55,174055.656226799,DNCcqvtme6porP4QQXMp7xYZddHqK6x4PLWHHpGCdw1i swapped 55 SOL for 174055.656226799 HERO,5aWLmZrdePrAuZM3MtcHzpcrp4yBnNPAuNACk9hnL6wvMJXetBHPMA7aS2TqqKUYBxRWqoCgzokwti7CGNcMYU3A,8012.70048930034
auracat,Sell,Fri  05 Jul 2024 20:17:23 GMT,1.98,8519137.512355,3DCph9Y7gH93fzHQNEjcJVeCV5j5k76U2WhWbHZH5wpp swapped 1.98 SOL for 8519137.512355 auracat,2Ui1AGwGt9wstnjvcLp8LVHvmSJS2bkwuXYD7N9cdoeymdHfxB8YxUB3FGTSsD5na1TXViiwCXSn1oqybX3F7pXL,266.16361686198684
WAGMI,Sell,Fri  05 Jul 2024 20:07:27 GMT,1.98,1573003.100103,3DCph9Y7gH93fzHQNEjcJVeCV5j5k76U2WhWbHZH5wpp swapped 1.98 SOL for 1573003.100103 WAGMI,QgmJXyPazM4hxjuaT31rh36eF1Ecf3hCvhiPYaJr3iipHBaHNrYwqG4RZd6MTz4HZLAgifMytLx4HS5WTqPf74k,266.7796721688789
MILLY,Buy,Fri  05 Jul 2024 20:07:18 GMT,4.799416274,977328.243883,3DCph9Y7gH93fzHQNEjcJVeCV5j5k76U2WhWbHZH5wpp swapped 977328.243883 MILLY for 4.799416274 SOL,5nfcAAp9ctAJ2i4kcZ6hEiXXCx5rtpVVsNJxbqaeLZpEcEqUZuNqq96Kw5Kz6Q38WQ4HQbFTo2aUkgyE3Mziex6z,646.6599495857083
YOPI,Buy,Fri  05 Jul 2024 20:04:37 GMT,2.290125486,7959832.889629,3DCph9Y7gH93fzHQNEjcJVeCV5j5k76U2WhWbHZH5wpp swapped 7959832.889629 YOPI for 2.290125486 SOL,k3nGECHSWdkFc1tqFcNPB9FHdgzjUZA6JQpBQV9WLLWXTdVfE4wKdDF6roCKQPj9oKMjBPj8wpXFM9L7MHHwoTx,308.40240733295997
WAGMI,Sell,Fri  05 Jul 2024 19:53:25 GMT,1.98,2904113.948615,3DCph9Y7gH93fzHQNEjcJVeCV5j5k76U2WhWbHZH5wpp swapped 1.98 SOL for 2904113.948615 WAGMI,5qLQZG3fk3GkSuvH3niNzLRGYcabjf5nSuLgkNp7wnoFRvJLdGAMVd6rGwcesFgc4ZoAnUfiP3VyY4koCwofbuFZ,267.1001269990302
BOOP,Buy,Tue  02 Jul 2024 16:38:52 GMT,4.841160329,15098512.142155,HBDc1wVKkJbWswZDb2svGtPfB5cccRkVqBRcVTit35rf swapped 15098512.142154999 BOOP for 4.841160329 SOL,247ehDEMdimTnu5gdkAUm6PQ3JdWtr1R1eKrALFofQ8VaBDhWKiEcLZ9hjbuDhwGjPLYK5CZx2gtdcs6PBe4d6gK,716.5503623927924
MILLY,Sell,Fri  05 Jul 2024 19:48:10 GMT,1.98,278470.131613,3DCph9Y7gH93fzHQNEjcJVeCV5j5k76U2WhWbHZH5wpp swapped 1.98 SOL for 278470.131613 MILLY,59tTeKuYAFamgQRepHsSAx7sALWyBeVhewHdaSxpwvdfzzKRrqCo4NvxrgZ9WguByxjzVrMJ8Fnv1hX7wV3VPZj,267.6379855604219
FIGHT,Sell,Sun  14 Jul 2024 10:13:23 GMT,1,48618.550517411,6YxEPPaioMzjuMASZFLQbmieKygRT31XW4PStjTeUdXn swapped 1 SOL for 48618.550517411 FIGHT,5PgUdbVWihfHhXxm12ext2pZ3AErv2wggbzhPjX1dEnzVFEj4cgPyVPgo56KWTqSJEKNLCUvErThbsXScsBsejun,136.42688148446408
MILLY,Sell,Fri  05 Jul 2024 19:34:13 GMT,1.98,195597.613604,3DCph9Y7gH93fzHQNEjcJVeCV5j5k76U2WhWbHZH5wpp swapped 1.98 SOL for 195597.613604 MILLY,5CGWPyu3yQbSr9p5WfRpSME6mYmDSAFDtr4qmUDRAVydakvpBSSwY3NZzVxaF7hB5CiH3qhxRxbeJutPEMSkyjGf,267.6274038592161
HERO,Buy,Mon  01 Jul 2024 07:57:26 GMT,102.70555836,300000,ANNH8hrZ7fz7PRh491mHPbsJMdPW3UJT1LWGsbHDTMfg swapped 300000 HERO for 102.70555836 SOL,4gk9BxtZ1sKJcMARDWcM6o62EAELmK7xr2xPWCBcuzeFjsuh1dr6Bx1Yr9jJC57jCDQXJFpkhmdVFTzFopRiKWyZ,15475.954939149775
GTRUMP,Sell,Sun  14 Jul 2024 04:17:34 GMT,1.5,2022457.361796,EbR1YwQ93HSEEXZLTELqFHZnyiV4Kz4qaCLPQPrX54HT swapped 1.5 SOL for 2022457.361796 GTRUMP,2SwaanJqub5ZKbw9CgGwxUX7rvnRzSga4NZyXCWBvcrq2786xL1FQmGdQ9A9BpRTPaKd4QY2hxPAuxNwQhGPeN1G,239.67923267724515
BOOP,Sell,Tue  02 Jul 2024 16:37:27 GMT,4.95,15098512.142155,HBDc1wVKkJbWswZDb2svGtPfB5cccRkVqBRcVTit35rf swapped 4.95 SOL for 15098512.142154999 BOOP,5HY17TPym85ZyDuCQBkaxJ2pnZW12U6Z5PqTj5AtGLPN9YoMtoN3GDTbNejynmWRb2CXZXa7BYVtP9kUi2cBPit6,731.8065812409072
MILLY,Sell,Fri  05 Jul 2024 19:30:24 GMT,1.98,160778.515952,3DCph9Y7gH93fzHQNEjcJVeCV5j5k76U2WhWbHZH5wpp swapped 1.98 SOL for 160778.515952 MILLY,54Lh6VFAvat6RWEqDSHqsk9mt6t3G24nKhoqCaNYzstCsp7qYzkLWdKZ1jCTFvAWqBF2wU8163WULf3XogBbqCg7,268.7292936227203
HOPPY,Buy,Tue  02 Jul 2024 12:49:15 GMT,2.005470375,5227895.983237409,HBDc1wVKkJbWswZDb2svGtPfB5cccRkVqBRcVTit35rf swapped 5227895.983237409 HOPPY for 2.005470375 SOL,45GUQYwGfZ7y2QA7e5FGS5ENHpm8XB2gkcGbTJnyVmBGbKQePG3nhAWnrFQ6bxuECKWZAkrDyMieeaLmNAAyZJpR,302.3048112940125
MILLY,Sell,Fri  05 Jul 2024 19:21:15 GMT,1.98,115564.729742,3DCph9Y7gH93fzHQNEjcJVeCV5j5k76U2WhWbHZH5wpp swapped 1.98 SOL for 115564.729742 MILLY,XkwMq9D7f5Z4gzJdnMY9rhrchAdu4tH41cz7VaXaKC3gMcUDHHuxMxcWmwVcyqv3HzAxQYRYwSPErEYa2BMVK4t,267.61125316694955
MILLY,Sell,Fri  05 Jul 2024 19:20:46 GMT,1.98,114049.641912,3DCph9Y7gH93fzHQNEjcJVeCV5j5k76U2WhWbHZH5wpp swapped 1.98 SOL for 114049.641912 MILLY,5aYYdLkN7TE2dX4BxEbzinZF7UFk91VjQKPhgaQLKmsE2unWBHKrqxdpk5d36kuHsSKWoposaAtGTiQWNLhYs47z,267.61125316694955
HOPPY,Sell,Tue  02 Jul 2024 12:48:37 GMT,1.98,5227895.983237409,HBDc1wVKkJbWswZDb2svGtPfB5cccRkVqBRcVTit35rf swapped 1.98 SOL for 5227895.983237409 HOPPY,5dZzCVWRbuFY2aR4bwfgLfpMDaADHLNnqsxgr61tAv4Vqiup5Z3Y7Yvk7peuo64AfwNSyuxpsXob56nFb8xvtpTg,298.4654043379448
XIXI,Buy,Tue  02 Jul 2024 12:10:18 GMT,1.908054605,3341288.40193545,HBDc1wVKkJbWswZDb2svGtPfB5cccRkVqBRcVTit35rf swapped 3341288.40193545 XIXI for 1.908054605 SOL,4f7GwUZNNmWnTXXx5R5Qwn1gHn2obQdk8nsKuan9Q2j7v6b266CNBZwQ2LiR1wjui2obtrDpr5MztJAE9ye6KWfR,283.9625554361403
XIXI,Sell,Tue  02 Jul 2024 12:09:27 GMT,1.98,3341288.40193545,HBDc1wVKkJbWswZDb2svGtPfB5cccRkVqBRcVTit35rf swapped 1.98 SOL for 3341288.40193545 XIXI,2kVznGYRRvsoy3K3zT6TCSs9qA5MsXGJ6vS9HsQq8oAj4u6QFw9cwkCLiMu6KH2a8TeBRjnXLCXPiB2o2WzH4wjD,294.66867006204825
MILLY,Sell,Fri  05 Jul 2024 19:20:39 GMT,1.98,112867.61106,3DCph9Y7gH93fzHQNEjcJVeCV5j5k76U2WhWbHZH5wpp swapped 1.98 SOL for 112867.61106 MILLY,7WEXPuGERfvYpywky14bjisz3sAbGE57GkuS7w5TVAiDXa9gKJPSNEZ7qhagBDa8GVXdTYEPiRHr5qoXVWycsNb,267.61125316694955
JULY,Buy,Tue  02 Jul 2024 09:31:43 GMT,0.255521585,8070389.884732,HBDc1wVKkJbWswZDb2svGtPfB5cccRkVqBRcVTit35rf swapped 8070389.884732 JULY for 0.255521585 SOL,56mzga1sCDHu1mbysKme7iTEH22UBQHKVLwyWawp6S8g59hNSEPTHTisgfyifqvT2eC1v3LAVkcGUe86LSCh9rfn,37.850171203759004
JULY,Sell,Tue  02 Jul 2024 03:54:48 GMT,2,8070389.884732,HBDc1wVKkJbWswZDb2svGtPfB5cccRkVqBRcVTit35rf swapped 2 SOL for 8070389.884732 JULY,46JjX7axCdDiDdn1xzjhs6RMmgJXhFfWpcdX2iYH4W8koerftWnEgsxuEAyvTqN29NrpkizSgFVSHtiBgqfvXZ6b,297.99671390031165
SC,Buy,Fri  05 Jul 2024 00:00:54 GMT,9.88174985,571023.254961999,3DCph9Y7gH93fzHQNEjcJVeCV5j5k76U2WhWbHZH5wpp swapped 571023.254961999 SC for 9.88174985 SOL,7tJ1oiepYU8sAVEbL8nY3epGEabH2FGynEYCryZjb9scJKNP5jCN1hmKJPxr9JCYWants4r61j8Ts435d73nqFx,1265.137522137212
ADRIL,Buy,Tue  02 Jul 2024 03:47:26 GMT,3.779135332,1326959.546789,HBDc1wVKkJbWswZDb2svGtPfB5cccRkVqBRcVTit35rf swapped 1326959.546789 ADRIL for 3.779135332 SOL,33V7upyQUGLT37YfXrXQ5mtWvNzzwWvurwrHgwPD7fXKGVpJMkfL9tHkHieRZcERN6zrbTsCL57T39yhDtEK27qm,563.8073324431548
ORC,Buy,Thu  04 Jul 2024 19:41:38 GMT,5.994593825,522497.113191139,3DCph9Y7gH93fzHQNEjcJVeCV5j5k76U2WhWbHZH5wpp swapped 522497.113191139 ORC for 5.994593825 SOL,beZ7CRKcFJzbKCZhP9XwdPKTzHt6N28Wv1AbXBxp45tA3nsNL9wQtPowySUHhBwTeXkmDBcb7W9U1E2uf8S65nE,809.8274581695578
ORC,Sell,Thu  04 Jul 2024 19:17:25 GMT,4.95,522497.113191139,3DCph9Y7gH93fzHQNEjcJVeCV5j5k76U2WhWbHZH5wpp swapped 4.95 SOL for 522497.113191139 ORC,x2wXxTir3vsd5orPVLXpgzHcqEJhdcs9DeETH9hzhbH4JsMFcvQVrGBgNras8NHQ1SndTdjLBFLFmc8rMdyAL7H,664.8559502561975
ADRIL,Sell,Tue  02 Jul 2024 03:46:26 GMT,1.98,1326959.546789,HBDc1wVKkJbWswZDb2svGtPfB5cccRkVqBRcVTit35rf swapped 1.98 SOL for 1326959.546789 ADRIL,4xTNrh6U21QbRCBTUHAK5bV8nQs3tFaoNhdRtJMu8ZqRXBwWsp7YLnUgJerMWwh47pxaVUDTmx2b4ovt5dAyDUQB,295.42713923760937
wowmao,Buy,Thu  04 Jul 2024 18:47:13 GMT,3.065555956,2342469.905518,3DCph9Y7gH93fzHQNEjcJVeCV5j5k76U2WhWbHZH5wpp swapped 2342469.905518 wowmao for 3.065555956 SOL,9jNvmMaXgTyQhibHu13CaFs8gcjhYa6nVGYQxY3J3WdpWcTrzrsfaMCBUcge1QFUWi7bQ5aQiky73mpQAd9LswJ,410.36548266662794
MILLY,Buy,Tue  02 Jul 2024 03:43:37 GMT,1.522454009,6685285.646649,HBDc1wVKkJbWswZDb2svGtPfB5cccRkVqBRcVTit35rf swapped 6685285.646649 MILLY for 1.522454009 SOL,28PTFThNHUjJqbmFAWeddhwYLCDQRmLKrGZY5q1neBaGNLodhdJBEkmfiPoHohoBFWPgXeKLnykTW6SDTfhXtT5X,227.21736744311772
MILLY,Sell,Tue  02 Jul 2024 03:40:13 GMT,4.95,6685285.646649,HBDc1wVKkJbWswZDb2svGtPfB5cccRkVqBRcVTit35rf swapped 4.95 SOL for 6685285.646649 MILLY,71nAveW21dZ7yBifmMpbQ4YT8afBmsCNPpPFighBJq6aE8BeWBmVV8BAuADhUnqw8AqNfJ25NmyZjwGzeQmaFzZ,738.0617646695792
wowmao,Sell,Thu  04 Jul 2024 18:46:49 GMT,1.98,2342469.905518,3DCph9Y7gH93fzHQNEjcJVeCV5j5k76U2WhWbHZH5wpp swapped 1.98 SOL for 2342469.905518 wowmao,2SZpFzhoeCND8earxijw9mZ1c5SPMyKqvZri4rLfpLJTf9U1GiNhJZnNepZKkyLMAPXVCjhD9VgEUZx8evpWwSEt,265.04936375068513
VILLAIN,Buy,Tue  02 Jul 2024 03:04:28 GMT,1.906142471,8226771.631325,HBDc1wVKkJbWswZDb2svGtPfB5cccRkVqBRcVTit35rf swapped 8226771.631325 VILLAIN for 1.906142471 SOL,5RrL3UnR2wDZtWdpEiHXaru5jRN1T6jvhaMpZVqRTEbsGqQnGHeLaULQmmw7abQ8tA2YrukWHmF6hVYLdacTuDsY,284.0749472720978
Bili,Buy,Thu  04 Jul 2024 06:10:49 GMT,2.750092102,513529.585227,3DCph9Y7gH93fzHQNEjcJVeCV5j5k76U2WhWbHZH5wpp swapped 513529.585227 Bili for 2.750092102 SOL,5czRJ98S4udtJvPuWbLdvAhVvKqRC8FnQbvg7Hn1jewZnvfW3mbRu6tYiCPrmq9X7aRvgKE1k9mv9VQCL6EM9ybD,372.559699877997
VILLAIN,Sell,Tue  02 Jul 2024 02:57:47 GMT,4.95,8226771.631325,HBDc1wVKkJbWswZDb2svGtPfB5cccRkVqBRcVTit35rf swapped 4.95 SOL for 8226771.631325 VILLAIN,2grAUdrQmkJnje9YNK9aCycA5z8uM98Zm99JcePGZKPagbE2zuGtnTPTVVC8rrThzvsg9SGGomFRAwDYs8ewvrxe,736.2667660154818
SC,Buy,Thu  04 Jul 2024 06:03:10 GMT,4.960514623,201049.180572473,3DCph9Y7gH93fzHQNEjcJVeCV5j5k76U2WhWbHZH5wpp swapped 201049.180572473 SC for 4.960514623 SOL,27qZ3t7pX4osqaCTGe5bDKVWb22v3yqHcshtmbERLTzMJTwdGaKxQRKe66Rdo7FxMgwsoQCGkBDpfRydfYr5Ae4a,674.4713703666546
GAMBL,Buy,Tue  02 Jul 2024 02:49:05 GMT,2.236884017,10245458.359097,HBDc1wVKkJbWswZDb2svGtPfB5cccRkVqBRcVTit35rf swapped 10245458.359097 GAMBL for 2.236884017 SOL,4K9ig5xQHZ3o5ur5ctTEkDzYRTfZh541UD1KcPH2TQXRJTrqvVtRHgvKv6R7AWghBkmDcoHMJEgg2j1CXJbHNWhQ,331.24604664598434
Bili,Sell,Thu  04 Jul 2024 05:38:12 GMT,1.98,513529.585227,3DCph9Y7gH93fzHQNEjcJVeCV5j5k76U2WhWbHZH5wpp swapped 1.98 SOL for 513529.585227 Bili,2hABgJN3BNtkFzYdE3ZagMxgGuQpLi2DKgU4Y9naJJFk6cUwvMEoZFtDktmk2QDtAvRUze2zXP5sxcGky1isvBjK,269.88507453389906
GAMBL,Sell,Tue  02 Jul 2024 02:44:16 GMT,4.95,10245458.359097,HBDc1wVKkJbWswZDb2svGtPfB5cccRkVqBRcVTit35rf swapped 4.95 SOL for 10245458.359097 GAMBL,2zfvke96SzLCxaD6uy2D1McyWQoYRaEKtTqfCUeZti2dzmDxmo8U4gKsvjvr3vGXF7kPGFTxdUiU6vPrmaMavx6Q,731.9968450630673
LIBERTY,Buy,Thu  04 Jul 2024 05:36:35 GMT,2.027946195,26001599.536757,3DCph9Y7gH93fzHQNEjcJVeCV5j5k76U2WhWbHZH5wpp swapped 26001599.536757 LIBERTY for 2.027946195 SOL,3zDQVncGVApa4t2YxgRoy4n9MoQiwRvA8nDMChyDd9GtE7pSFmSFZVFswkf7STsrn8bf913oikEDF8v6oBMhV2ED,276.38771221069135
WUDAN,Buy,Tue  02 Jul 2024 02:41:33 GMT,6.106192069,2841472.998474,HBDc1wVKkJbWswZDb2svGtPfB5cccRkVqBRcVTit35rf swapped 2841472.998474 WUDAN for 6.106192069 SOL,3Ta9sZM2Jtn2yKa3WjQQCDjQURkhwDg8eQWzqLHkBEvjeGQrr28aU2AMRGw5Cczn7fvAFGmx87QbSmHzEUvfrZrB,902.5023116522669
WUDAN,Sell,Tue  02 Jul 2024 02:34:13 GMT,4.95,2841472.998474,HBDc1wVKkJbWswZDb2svGtPfB5cccRkVqBRcVTit35rf swapped 4.95 SOL for 2841472.998474 WUDAN,4ruEdg766MDt5tX4zUEpXKB1RpSy4LcXibKPSTknKY3f5Udmibo1gkeQWCrMnMzokToY1cj1mGhP27qJgjVuNNqs,731.5994825778662
LIBERTY,Sell,Thu  04 Jul 2024 05:14:03 GMT,0.2475,2495992.016476,3DCph9Y7gH93fzHQNEjcJVeCV5j5k76U2WhWbHZH5wpp swapped 0.2475 SOL for 2495992.016476 LIBERTY,2D4JhrCpXEmLpwZq3zdH8X3iVbj3wkabu5dV1wQWwuE1j3uWU4MRVpMvTS7xgL76ftr4NZtd9VdJGxxN17LqzQoJ,33.634407218291116
WUDAN,Buy,Tue  02 Jul 2024 02:20:30 GMT,4.411747103,2558205.601153,HBDc1wVKkJbWswZDb2svGtPfB5cccRkVqBRcVTit35rf swapped 2558205.601153 WUDAN for 4.411747103 SOL,5idKQ6ZJAEuxQVoDT6j3yEKh6C881cz9kKUNe41gJW2Y9cTGTvPc1iGbZbksie5bswVNtexjC9EjqzAqMLpUjkjK,654.0425268610703
LIBERTY,Sell,Thu  04 Jul 2024 05:01:34 GMT,4.95,23505607.520281,3DCph9Y7gH93fzHQNEjcJVeCV5j5k76U2WhWbHZH5wpp swapped 4.95 SOL for 23505607.520280998 LIBERTY,4h9jy9i2XdGH3czbXc6Qa13kBpdUwVz3oxRExisJiyA3ecaK1pMKDypqv3n77QPqkELn8dS6wVmfjdzjgneFyts9,675.6908278000906
WUDAN,Sell,Tue  02 Jul 2024 01:53:49 GMT,4.95,2558205.601153,HBDc1wVKkJbWswZDb2svGtPfB5cccRkVqBRcVTit35rf swapped 4.95 SOL for 2558205.601153 WUDAN,3cPyLpxRVebkE45ozgxDz2ydRi9eFr4n9cKS7dF95fFdQD6SJbPTcLJB4s3xH46oSKxmwrvbKGj4kEgxrpg21FVC,730.8033878012235
KAIKEN,Buy,Wed  03 Jul 2024 19:44:22 GMT,0.261010944,4264377.555124,3DCph9Y7gH93fzHQNEjcJVeCV5j5k76U2WhWbHZH5wpp swapped 4264377.555124 KAIKEN for 0.261010944 SOL,yimTfcaeNWztnK7Db6HseahNr2rrP5cgy7kbqEbopV7A9n6nPqNMiTgL6pFLivsAkfTWzjaR2wboBkTDXLw7yVZ,36.66342221489221
KAIKEN,Sell,Wed  03 Jul 2024 19:38:00 GMT,1.98,4264377.555124,3DCph9Y7gH93fzHQNEjcJVeCV5j5k76U2WhWbHZH5wpp swapped 1.98 SOL for 4264377.555124 KAIKEN,5TDrAdPgNE1Gac7ZN8eD8vEz4QSm4byAmopFuFwyQucsSdwg61xmnYMwjVrKumu89LJ7dcjNPQ95zPsrrFqWmC8u,277.62387029130605
Rubicon,Buy,Tue  02 Jul 2024 01:44:07 GMT,0.619931454,11539322.227033,HBDc1wVKkJbWswZDb2svGtPfB5cccRkVqBRcVTit35rf swapped 11539322.227033 Rubicon for 0.619931454 SOL,2hZTr65E7ufP1EFxkTrEvjk2Qj94aToepHavVBHZ8T1QM3QSjXHJmKCKewdUr9Pn4e2haaeF7bV6jFHy6yufry1R,91.22632733701411
D2D,Buy,Wed  03 Jul 2024 19:24:17 GMT,6.552127735,1734661.343986957,3DCph9Y7gH93fzHQNEjcJVeCV5j5k76U2WhWbHZH5wpp swapped 1734661.343986957 D2D for 6.552127735 SOL,2gqdXNbzuqZQTPADPCHkddDrsbsT28mpmKv7WVmt6iSPZq4WFFMrrkJtmXkL2pBX2Y2JUdsiouqymTg98gAWF2gf,914.5751797832897
D2D,Sell,Wed  03 Jul 2024 17:50:14 GMT,1.98,277165.559953937,3DCph9Y7gH93fzHQNEjcJVeCV5j5k76U2WhWbHZH5wpp swapped 1.98 SOL for 277165.559953937 D2D,hWg9YddqH6SDAoy7bY1V9JitLPXgmsD8N8YX7YGPDjY8f7bYawyq7zfKS3ADsptmtM9RBaoqW4nnRNPTiVC6vV6,280.4350756515332
Rubicon,Sell,Tue  02 Jul 2024 01:33:04 GMT,4.95,11539322.227033,HBDc1wVKkJbWswZDb2svGtPfB5cccRkVqBRcVTit35rf swapped 4.95 SOL for 11539322.227033 Rubicon,4j6h3bCCuCM36bKHX1pJZhr7ruzgr6stAiSHqwTRsb7mKy1y8v7erzHeSZRnhQUiwmvsWhdstLx7VnHyrgeFz24F,729.0985913905666
D2D,Sell,Wed  03 Jul 2024 17:50:06 GMT,4.95,745765.235821775,3DCph9Y7gH93fzHQNEjcJVeCV5j5k76U2WhWbHZH5wpp swapped 4.95 SOL for 745765.235821775 D2D,5nT9XJeKcAA5jBEn15GNRmRJGDgyyA1k7ZjXrc3aK1wGmaq3h6k16kq8zjwbTNC129ZnSXLzfjqiWwv37hgdQnLt,701.0876891288331
DONNY,Sell,Sun  14 Jul 2024 11:47:32 GMT,10,19886898.069309,DNfuF1L62WWyW3pNakVkyGGFzVVhj4Yr52jSmdTyeBHm swapped 10 SOL for 19886898.069309 DONNY,4NjpV66mWKYonx8Cb3gTiCmSEHg17AnmiiZrtDgRYFgqJaJkWhEANp6ttQ4hCQCwbFZq3fCc6ft99dmkpuLuizuq,1587.2332013887196
D2D,Sell,Wed  03 Jul 2024 17:48:56 GMT,1.98,351329.463665223,3DCph9Y7gH93fzHQNEjcJVeCV5j5k76U2WhWbHZH5wpp swapped 1.98 SOL for 351329.463665223 D2D,GiCxVEbF84N4u4Zx1EeJjGT1yMG96GwtVoz18HFJ6KUPLNMyouxB1cfdybDKYADQaK61hhmkhxvnZ4xGqxmTeAP,280.0073064800468
D2D,Sell,Wed  03 Jul 2024 17:46:04 GMT,1.98,360401.084546022,3DCph9Y7gH93fzHQNEjcJVeCV5j5k76U2WhWbHZH5wpp swapped 1.98 SOL for 360401.084546022 D2D,5kvEXw4xyLKMrDGJ6TP5TiHnmuQAoNmqkmaCGaKC8DBDXDQpQLriHCTAcsFfmGuQM4e68F6U9odRcn3Zu8QnikRp,280.0901322793364
🧙🏿,Buy,Tue  02 Jul 2024 01:21:05 GMT,7.246764726,19322914.705485,HBDc1wVKkJbWswZDb2svGtPfB5cccRkVqBRcVTit35rf swapped 19322914.705485001 🧙🏿 for 7.246764726 SOL,5MJ6XG313Td6VwUnD9NKYB2xkWVSbus6L73us96KS9uGQA2pYCBemF1HxuiZrfZTCKBhHHNkeMR7XvJzuf7NKsjR,1065.6069007572928
SC,Sell,Wed  03 Jul 2024 15:10:45 GMT,19.8,683933.853954312,3DCph9Y7gH93fzHQNEjcJVeCV5j5k76U2WhWbHZH5wpp swapped 19.8 SOL for 683933.853954312 SC,41GJFJ9MJyF92LrCLXkbNdTuc3bZzvdALfv4F7Ctr6BTWg2kcMTGihjFqJfJdqyVtpZ4CzQRsgJdHC8R7Q3wyw6g,2809.7686369473417
mao,Buy,Wed  03 Jul 2024 14:32:05 GMT,15.049985718,532777.929311,3DCph9Y7gH93fzHQNEjcJVeCV5j5k76U2WhWbHZH5wpp swapped 532777.929311 mao for 15.049985718 SOL,5fc35z8wfFf9xHLXSYKpmWep2gxytqaYyCE1ZBjpxn7JBmV37U11dcwAhAiF1ySMrFGGfx2m8G4HDWcd42BAHsJU,2147.849619839976
mao,Sell,Wed  03 Jul 2024 13:55:07 GMT,4.95,188141.185047,3DCph9Y7gH93fzHQNEjcJVeCV5j5k76U2WhWbHZH5wpp swapped 4.95 SOL for 188141.185047 mao,2SNfTDy8vXXTMX57ikUmDUZ4wRNQpnNurACj33bfUn73YVjJPkV1x4YPuUi11dB4CFn2VB8Shj5F2S8Hed5feVT8,711.0759703538082
gou,Buy,Wed  03 Jul 2024 13:40:53 GMT,1.048335389,5512117.325373,3DCph9Y7gH93fzHQNEjcJVeCV5j5k76U2WhWbHZH5wpp swapped 5512117.325373 gou for 1.048335389 SOL,4F7LtafqmLdwVg2YGMZiM4F6EJ6xfEhSMpkBm5FnSmNuab6RzYVdFHVhpTDUCmndnQwTLKUggSsAo9PPMUrPVgnt,150.17289526934726
mao,Sell,Wed  03 Jul 2024 13:35:59 GMT,5,201195.043452,3DCph9Y7gH93fzHQNEjcJVeCV5j5k76U2WhWbHZH5wpp swapped 5 SOL for 201195.043452 mao,8xL9PbxUrPYfPy4XxB2ajtqMe4xKYJMB4z4sneqa4wbXPt5LrYWxuQx5637z48owzwP25bLbHtYEBFTfmeogxF9,715.9062526807969
gou,Sell,Wed  03 Jul 2024 06:00:29 GMT,1.98,1549044.570576,3DCph9Y7gH93fzHQNEjcJVeCV5j5k76U2WhWbHZH5wpp swapped 1.98 SOL for 1549044.570576 gou,4WmG6UWpEcjNeXMPWr7oky9hdLfxRiuAbdgctaNpupTjTPjsfvVYGdzNLHAGZj3BRGo8FMqwqPKNFyxqkCLU4TU1,295.38747413909846
🧙🏿,Sell,Tue  02 Jul 2024 01:19:50 GMT,4.95,19322914.705485,HBDc1wVKkJbWswZDb2svGtPfB5cccRkVqBRcVTit35rf swapped 4.95 SOL for 19322914.705485001 🧙🏿,Ky6QNUGk8giHfZJyE9ZPzDqzkT7mhm5aA5Tv3wiSPuG8CAE8s8jjxvTbBXzbSdSExxiaC8AsmdDYxxSywtmu8bH,727.8465492760979
QINGWA,Buy,Wed  03 Jul 2024 05:33:08 GMT,1.725301716,2649902.792427,3DCph9Y7gH93fzHQNEjcJVeCV5j5k76U2WhWbHZH5wpp swapped 2649902.792427 QINGWA for 1.725301716 SOL,3CHAzWvKYnfLoEbTrgkpfYc17aEh22C5PsVL4zhsPcV1pixvcPBVMbc8bp844gfzj7gztw7d5GHvP9n3aPQdjHjS,256.06212815871044
$SHIRO,Buy,Tue  02 Jul 2024 00:32:55 GMT,1.736308076,21800589.310397,HBDc1wVKkJbWswZDb2svGtPfB5cccRkVqBRcVTit35rf swapped 21800589.310396999 $SHIRO for 1.736308076 SOL,5nnMtnRDStky9rpkAAAhzFtefBuWvsjY39ZjUaZ8AYj2B8ysAcTVrYJUWYAaSmokUaeK6kQv5Zfq3q4dpQMfDrhK,254.96831298017514
gou,Sell,Wed  03 Jul 2024 04:48:51 GMT,1.98,1605408.954068,3DCph9Y7gH93fzHQNEjcJVeCV5j5k76U2WhWbHZH5wpp swapped 1.98 SOL for 1605408.954068 gou,2ATRCD1ZtksaGHsbqNymRsjHNhGYhexZNaaku49AvGZ67CBGy9KYc5QiFXAsvJckGbtjjFhwE7TkzztmZHcXRvvJ,292.3244878226456
$SHIRO,Sell,Tue  02 Jul 2024 00:28:59 GMT,4.95,21800589.310397,HBDc1wVKkJbWswZDb2svGtPfB5cccRkVqBRcVTit35rf swapped 4.95 SOL for 21800589.310396999 $SHIRO,3EchormooV1fYuuTzhrRpd9Q6teKbvLA2Wr4TnB79FU3Fux1QCuuG9erLb5AWKuUTSJyfbhj6THkYXiV1Dbh5x9U,726.2878921048019
mou,Buy,Wed  03 Jul 2024 04:25:07 GMT,6.744413836,15174375.20721,3DCph9Y7gH93fzHQNEjcJVeCV5j5k76U2WhWbHZH5wpp swapped 15174375.207210001 mou for 6.744413836 SOL,3j9px2kwGuj6txLxs6BTV5NRw4XZRWcVeJHw5VeHTgUqpTqCwu9QZweEUHMhCcTnz15gvFGF55hwEPFpZYVPss7y,1004.9537807791286
mao,Sell,Wed  03 Jul 2024 04:15:48 GMT,4.95,143441.700812,3DCph9Y7gH93fzHQNEjcJVeCV5j5k76U2WhWbHZH5wpp swapped 4.95 SOL for 143441.700812 mao,3LoyNvzRFzpwe1UPCiEdvEtE7dDYv4vfTXMfJZP6WQtLnuc7z7Lk8AskKMiz9dB2CxnuohTAUeicTLXNqszYNrSV,739.0413234400718
BAO,Buy,Wed  03 Jul 2024 04:04:47 GMT,1.686907357,4472020.014878,3DCph9Y7gH93fzHQNEjcJVeCV5j5k76U2WhWbHZH5wpp swapped 4472020.014878 BAO for 1.686907357 SOL,53m2tHkZL2nnMy1b4UE7TCi1H57reFKLAeLuYwSNxiFEd1jmVdbMPM8CrJgJAJXGmtMUseBpS9HL5RZZAh7kLrKc,251.73862477681763
BAO,Sell,Wed  03 Jul 2024 03:58:24 GMT,1.98,4472020.014878,3DCph9Y7gH93fzHQNEjcJVeCV5j5k76U2WhWbHZH5wpp swapped 1.98 SOL for 4472020.014878 BAO,6amgL7oqUnGmFwTvuW8H4jwNs7f3JvaqEs9deLKWwFZbQK8EAFosR42ReKMh56F8fEaSqC1eWXFmmmqjXthaQ8t,297.82450179618957
Silky,Buy,Wed  03 Jul 2024 03:54:58 GMT,3.686704857,3097240.624452,3DCph9Y7gH93fzHQNEjcJVeCV5j5k76U2WhWbHZH5wpp swapped 3097240.624452 Silky for 3.686704857 SOL,4Hz4butupBZV3mv5fgbdn16M6GoP1kQakwNbLqM6S4ecr7HTNqqzefPDteFKmhpQ2ikLNrAUmrW4Ha2oZmv5ijLC,553.9958049621966
QINGWA,Sell,Wed  03 Jul 2024 03:41:43 GMT,1.98,2649902.792427,3DCph9Y7gH93fzHQNEjcJVeCV5j5k76U2WhWbHZH5wpp swapped 1.98 SOL for 2649902.792427 QINGWA,5NvqxWvjkSPJZD6R1Kyrs1Pr9QQB58Nkzy6fo6NwzRJKZvc7zy4fswk3yFyTPTSp1WUvtxuzQPbYd9XXUz4XWMrV,298.5832042142064
gou,Sell,Wed  03 Jul 2024 03:21:39 GMT,4.95,1608812.793648,3DCph9Y7gH93fzHQNEjcJVeCV5j5k76U2WhWbHZH5wpp swapped 4.95 SOL for 1608812.793648 gou,4um6PVgzEnaR5czEbSbeNK3RJSHWmzAAftRn6QQqbytY2r9iUJGzPgyz4jem9yxnRFnDRsrEPDcWW6iv64x9SVzX,744.8673274612958
gou,Sell,Wed  03 Jul 2024 03:18:32 GMT,1.98,748851.007081,3DCph9Y7gH93fzHQNEjcJVeCV5j5k76U2WhWbHZH5wpp swapped 1.98 SOL for 748851.007081 gou,4U2viDtRHTbKWDPtmxZrEB3QRRvoidsV42A2JqHzy3WzKVr5MRWTjx8q7UuktVaojCd4d3qp2XM5oLUMJQLm3zNH,297.6562577280007
LONG,Buy,Wed  03 Jul 2024 03:13:55 GMT,1.725162988,17500838.633399,3DCph9Y7gH93fzHQNEjcJVeCV5j5k76U2WhWbHZH5wpp swapped 17500838.633398999 LONG for 1.725162988 SOL,63nv4ZjW7c8npoAojASynhHjZybnqvr4EovSFTfNmJAhKraSXZgi9wQV1GwRcNKVY3eM3ck5B1nKH95SkTC5tBCD,258.666036136187
LONG,Sell,Wed  03 Jul 2024 03:12:46 GMT,4.95,6571266.494396,3DCph9Y7gH93fzHQNEjcJVeCV5j5k76U2WhWbHZH5wpp swapped 4.95 SOL for 6571266.494396 LONG,2aB5Y7ZjtEfWyZk8TvCZVM3mEKMiNnShi5FAh9VLUuuZjAmPxXHjAMETN3DRHmEqdrgJoJJDMAFb4ipTx4rwTcDJ,743.016459775173
LONG,Sell,Wed  03 Jul 2024 03:10:10 GMT,4.95,4109150.171553,3DCph9Y7gH93fzHQNEjcJVeCV5j5k76U2WhWbHZH5wpp swapped 4.95 SOL for 4109150.171553 LONG,63EfAX59XF2fyNdEmUbTXMEFy2QodrVzAn5ithFuq7gmdKGHQzvp73iL7yUKgvBho8Y4NKFWAtUrtyPkC5TL2PX5,747.2667918344919
LONG,Sell,Wed  03 Jul 2024 03:09:42 GMT,1.98,1794366.768925,3DCph9Y7gH93fzHQNEjcJVeCV5j5k76U2WhWbHZH5wpp swapped 1.98 SOL for 1794366.768925 LONG,5ZDCNmj5hgg3oCwd8XyaBuXcKqs7GwWd5HjiFZ7NK2RWqqZTP3c6vsTAp8pWnwZ9WgUDJy8Q7dFbbTfr6A96FL1a,298.9067167337967
LONG,Sell,Wed  03 Jul 2024 03:09:21 GMT,1.98,2451332.878686,3DCph9Y7gH93fzHQNEjcJVeCV5j5k76U2WhWbHZH5wpp swapped 1.98 SOL for 2451332.878686 LONG,jWaqtWWt1ZdnFw3RWaq45ytWsNn1i98AayqH3rM61eWdf7xpw1vaVGLmmyFehmfJCWTkthJ1WM8nxqYV62LXp41,299.24408740957847
LONG,Sell,Wed  03 Jul 2024 03:09:18 GMT,1.98,2574722.319839,3DCph9Y7gH93fzHQNEjcJVeCV5j5k76U2WhWbHZH5wpp swapped 1.98 SOL for 2574722.319839 LONG,3yzQh55xxSrvfmJEDtHTmAeqtN7dRC6nRhXu92zkBxk8W68vkHnTkwCL9P3LXjt5wVyR6yBUTmk9cZw4j9vZHrsx,299.24408740957847
gou,Buy,Wed  03 Jul 2024 03:05:12 GMT,3.500101233,2747672.325348,3DCph9Y7gH93fzHQNEjcJVeCV5j5k76U2WhWbHZH5wpp swapped 2747672.325348 gou for 3.500101233 SOL,5NUmVb1yVnJX7X88uQ9APfRAGV7fKDjtYx5QQ5S1mJ7iT93tbbcwKiEs1VGkwQxhgcu4Zx9HfGWxxSGdgjfdivhW,530.2812014274047
gou,Sell,Wed  03 Jul 2024 02:58:36 GMT,1.98,1072379.750632,3DCph9Y7gH93fzHQNEjcJVeCV5j5k76U2WhWbHZH5wpp swapped 1.98 SOL for 1072379.750632 gou,3XnAe2rDtkr1e9uxyMZqXwMjy3D9BcFxJzDMSwUYXdE22Syktf6VWPfnASC1HCK5tDQUVHGSFjRDEX243MJdh89a,300.83593260797386
